common_name,species
Highland Tinamou,Nothocercus bonapartei
Great Tinamou,Tinamus major
Little Tinamou,Crypturellus soui
Thicket Tinamou,Crypturellus cinnamomeus
Slaty-breasted Tinamou,Crypturellus boucardi
Choco Tinamou,Crypturellus kerriae
White-faced Whistling-Duck,Dendrocygna viduata
Black-bellied Whistling-Duck,Dendrocygna autumnalis
West Indian Whistling-Duck,Dendrocygna arborea
Fulvous Whistling-Duck,Dendrocygna bicolor
Emperor Goose,Anser canagicus
Snow Goose,Anser caerulescens
Ross's Goose,Anser rossii
Graylag Goose,Anser anser
Greater White-fronted Goose,Anser albifrons
Lesser White-fronted Goose,Anser erythropus
Taiga Bean-Goose,Anser fabalis
Tundra Bean-Goose,Anser serrirostris
Pink-footed Goose,Anser brachyrhynchus
Brant,Branta bernicla
Barnacle Goose,Branta leucopsis
Cackling Goose,Branta hutchinsii
Canada Goose,Branta canadensis
Hawaiian Goose,Branta sandvicensis
Mute Swan,Cygnus olor
Trumpeter Swan,Cygnus buccinator
Tundra Swan,Cygnus columbianus
Whooper Swan,Cygnus cygnus
Comb Duck,Sarkidiornis sylvicola
Orinoco Goose,Neochen jubata
Egyptian Goose,Alopochen aegyptiaca
Common Shelduck,Tadorna tadorna
Ruddy Shelduck,Tadorna ferruginea
Muscovy Duck,Cairina moschata
Wood Duck,Aix sponsa
Baikal Teal,Sibirionetta formosa
Garganey,Spatula querquedula
Blue-winged Teal,Spatula discors
Cinnamon Teal,Spatula cyanoptera
Northern Shoveler,Spatula clypeata
Gadwall,Mareca strepera
Falcated Duck,Mareca falcata
Eurasian Wigeon,Mareca penelope
American Wigeon,Mareca americana
Laysan Duck,Anas laysanensis
Hawaiian Duck,Anas wyvilliana
Eastern Spot-billed Duck,Anas zonorhyncha
Mallard,Anas platyrhynchos
Mexican Duck,Anas diazi
American Black Duck,Anas rubripes
Mottled Duck,Anas fulvigula
White-cheeked Pintail,Anas bahamensis
Northern Pintail,Anas acuta
Green-winged Teal,Anas crecca
Canvasback,Aythya valisineria
Redhead,Aythya americana
Common Pochard,Aythya ferina
Ring-necked Duck,Aythya collaris
Tufted Duck,Aythya fuligula
Greater Scaup,Aythya marila
Lesser Scaup,Aythya affinis
Steller's Eider,Polysticta stelleri
Labrador Duck,Camptorhynchus labradorius
Spectacled Eider,Somateria fischeri
King Eider,Somateria spectabilis
Common Eider,Somateria mollissima
Harlequin Duck,Histrionicus histrionicus
Surf Scoter,Melanitta perspicillata
Velvet Scoter,Melanitta fusca
White-winged Scoter,Melanitta deglandi
Stejneger's Scoter,Melanitta stejnegeri
Common Scoter,Melanitta nigra
Black Scoter,Melanitta americana
Long-tailed Duck,Clangula hyemalis
Bufflehead,Bucephala albeola
Common Goldeneye,Bucephala clangula
Barrow's Goldeneye,Bucephala islandica
Smew,Mergellus albellus
Hooded Merganser,Lophodytes cucullatus
Common Merganser,Mergus merganser
Red-breasted Merganser,Mergus serrator
Masked Duck,Nomonyx dominicus
Ruddy Duck,Oxyura jamaicensis
Plain Chachalaca,Ortalis vetula
Gray-headed Chachalaca,Ortalis cinereiceps
Rufous-vented Chachalaca,Ortalis ruficauda
Rufous-bellied Chachalaca,Ortalis wagleri
West Mexican Chachalaca,Ortalis poliocephala
White-bellied Chachalaca,Ortalis leucogastra
Crested Guan,Penelope purpurascens
Black Guan,Chamaepetes unicolor
Highland Guan,Penelopina nigra
Horned Guan,Oreophasis derbianus
Great Curassow,Crax rubra
Helmeted Guineafowl,Numida meleagris
Tawny-faced Quail,Rhynchortyx cinctus
Mountain Quail,Oreortyx pictus
Buffy-crowned Wood-Partridge,Dendrortyx leucophrys
Long-tailed Wood-Partridge,Dendrortyx macroura
Bearded Wood-Partridge,Dendrortyx barbatus
Banded Quail,Philortyx fasciatus
Northern Bobwhite,Colinus virginianus
Black-throated Bobwhite,Colinus nigrogularis
Crested Bobwhite,Colinus cristatus
Scaled Quail,Callipepla squamata
Elegant Quail,Callipepla douglasii
California Quail,Callipepla californica
Gambel's Quail,Callipepla gambelii
Montezuma Quail,Cyrtonyx montezumae
Ocellated Quail,Cyrtonyx ocellatus
Singing Quail,Dactylortyx thoracicus
Marbled Wood-Quail,Odontophorus gujanensis
Black-eared Wood-Quail,Odontophorus melanotis
Tacarcuna Wood-Quail,Odontophorus dialeucos
Black-breasted Wood-Quail,Odontophorus leucolaemus
Spotted Wood-Quail,Odontophorus guttatus
Wild Turkey,Meleagris gallopavo
Ocellated Turkey,Meleagris ocellata
Ruffed Grouse,Bonasa umbellus
Spruce Grouse,Canachites canadensis
Willow Ptarmigan,Lagopus lagopus
Rock Ptarmigan,Lagopus muta
White-tailed Ptarmigan,Lagopus leucura
Greater Sage-Grouse,Centrocercus urophasianus
Gunnison Sage-Grouse,Centrocercus minimus
Dusky Grouse,Dendragapus obscurus
Sooty Grouse,Dendragapus fuliginosus
Sharp-tailed Grouse,Tympanuchus phasianellus
Greater Prairie-Chicken,Tympanuchus cupido
Lesser Prairie-Chicken,Tympanuchus pallidicinctus
Gray Partridge,Perdix perdix
Ring-necked Pheasant,Phasianus colchicus
Kalij Pheasant,Lophura leucomelanos
Indian Peafowl,Pavo cristatus
Gray Francolin,Francolinus pondicerianus
Black Francolin,Francolinus francolinus
Red Junglefowl,Gallus gallus
Himalayan Snowcock,Tetraogallus himalayensis
Chukar,Alectoris chukar
Japanese Quail,Coturnix japonica
Erckel's Francolin,Pternistis erckelii
American Flamingo,Phoenicopterus ruber
Least Grebe,Tachybaptus dominicus
Pied-billed Grebe,Podilymbus podiceps
Atitlan Grebe,Podilymbus gigas
Horned Grebe,Podiceps auritus
Red-necked Grebe,Podiceps grisegena
Eared Grebe,Podiceps nigricollis
Western Grebe,Aechmophorus occidentalis
Clark's Grebe,Aechmophorus clarkii
Chestnut-bellied Sandgrouse,Pterocles exustus
Rock Pigeon,Columba livia
Common Wood Pigeon,Columba palumbus
Pale-vented Pigeon,Patagioenas cayennensis
Scaled Pigeon,Patagioenas speciosa
Scaly-naped Pigeon,Patagioenas squamosa
White-crowned Pigeon,Patagioenas leucocephala
Red-billed Pigeon,Patagioenas flavirostris
Plain Pigeon,Patagioenas inornata
Band-tailed Pigeon,Patagioenas fasciata
Ring-tailed Pigeon,Patagioenas caribaea
Plumbeous Pigeon,Patagioenas plumbea
Ruddy Pigeon,Patagioenas subvinacea
Short-billed Pigeon,Patagioenas nigrirostris
Dusky Pigeon,Patagioenas goodsoni
Oriental Turtle-Dove,Streptopelia orientalis
African Collared-Dove,Streptopelia roseogrisea
European Turtle-Dove,Streptopelia turtur
Eurasian Collared-Dove,Streptopelia decaocto
Spotted Dove,Streptopelia chinensis
Zebra Dove,Geopelia striata
Passenger Pigeon,Ectopistes migratorius
Inca Dove,Columbina inca
Common Ground Dove,Columbina passerina
Plain-breasted Ground Dove,Columbina minuta
Ruddy Ground Dove,Columbina talpacoti
Blue Ground Dove,Claravis pretiosa
Maroon-chested Ground Dove,Paraclaravis mondetoura
Blue-headed Quail-Dove,Starnoenas cyanocephala
Crested Quail-Dove,Geotrygon versicolor
Ruddy Quail-Dove,Geotrygon montana
Violaceous Quail-Dove,Geotrygon violacea
Gray-fronted Quail-Dove,Geotrygon caniceps
White-fronted Quail-Dove,Geotrygon leucometopia
Key West Quail-Dove,Geotrygon chrysia
Bridled Quail-Dove,Geotrygon mystacea
Olive-backed Quail-Dove,Leptotrygon veraguensis
White-tipped Dove,Leptotila verreauxi
Caribbean Dove,Leptotila jamaicensis
Gray-chested Dove,Leptotila cassinii
Gray-headed Dove,Leptotila plumbeiceps
Grenada Dove,Leptotila wellsi
Tuxtla Quail-Dove,Zentrygon carrikeri
Buff-fronted Quail-Dove,Zentrygon costaricensis
Purplish-backed Quail-Dove,Zentrygon lawrencii
White-faced Quail-Dove,Zentrygon albifacies
Chiriqui Quail-Dove,Zentrygon chiriquensis
Russet-crowned Quail-Dove,Zentrygon goldmani
White-winged Dove,Zenaida asiatica
Zenaida Dove,Zenaida aurita
Eared Dove,Zenaida auriculata
Mourning Dove,Zenaida macroura
Socorro Dove,Zenaida graysoni
Greater Ani,Crotophaga major
Smooth-billed Ani,Crotophaga ani
Groove-billed Ani,Crotophaga sulcirostris
Striped Cuckoo,Tapera naevia
Pheasant Cuckoo,Dromococcyx phasianellus
Lesser Ground-Cuckoo,Morococcyx erythropygus
Lesser Roadrunner,Geococcyx velox
Greater Roadrunner,Geococcyx californianus
Rufous-vented Ground-Cuckoo,Neomorphus geoffroyi
Common Cuckoo,Cuculus canorus
Oriental Cuckoo,Cuculus optatus
Little Cuckoo,Coccycua minuta
Dwarf Cuckoo,Coccycua pumila
Squirrel Cuckoo,Piaya cayana
Dark-billed Cuckoo,Coccyzus melacoryphus
Yellow-billed Cuckoo,Coccyzus americanus
Pearly-breasted Cuckoo,Coccyzus euleri
Mangrove Cuckoo,Coccyzus minor
Cocos Cuckoo,Coccyzus ferrugineus
Black-billed Cuckoo,Coccyzus erythropthalmus
Gray-capped Cuckoo,Coccyzus lansbergi
Chestnut-bellied Cuckoo,Coccyzus pluvialis
Bay-breasted Cuckoo,Coccyzus rufigularis
Jamaican Lizard-Cuckoo,Coccyzus vetula
Puerto Rican Lizard-Cuckoo,Coccyzus vieilloti
Great Lizard-Cuckoo,Coccyzus merlini
Hispaniolan Lizard-Cuckoo,Coccyzus longirostris
Short-tailed Nighthawk,Lurocalis semitorquatus
Lesser Nighthawk,Chordeiles acutipennis
Common Nighthawk,Chordeiles minor
Antillean Nighthawk,Chordeiles gundlachii
Common Pauraque,Nyctidromus albicollis
Common Poorwill,Phalaenoptilus nuttallii
Jamaican Pauraque,Siphonorhis americana
Least Pauraque,Siphonorhis brewsteri
Eared Poorwill,Nyctiphrynus mcleodii
Yucatan Poorwill,Nyctiphrynus yucatanicus
Ocellated Poorwill,Nyctiphrynus ocellatus
Chuck-will's-widow,Antrostomus carolinensis
Rufous Nightjar,Antrostomus rufus
Cuban Nightjar,Antrostomus cubanensis
Hispaniolan Nightjar,Antrostomus ekmani
Tawny-collared Nightjar,Antrostomus salvini
Yucatan Nightjar,Antrostomus badius
Buff-collared Nightjar,Antrostomus ridgwayi
Eastern Whip-poor-will,Antrostomus vociferus
Dusky Nightjar,Antrostomus saturatus
Mexican Whip-poor-will,Antrostomus arizonae
Puerto Rican Nightjar,Antrostomus noctitherus
White-tailed Nightjar,Hydropsalis cayennensis
Spot-tailed Nightjar,Hydropsalis maculicaudus
Gray Nightjar,Caprimulgus jotaka
Oilbird,Steatornis caripensis
Great Potoo,Nyctibius grandis
Common Potoo,Nyctibius griseus
Northern Potoo,Nyctibius jamaicensis
Black Swift,Cypseloides niger
White-fronted Swift,Cypseloides storeri
White-chinned Swift,Cypseloides cryptus
Spot-fronted Swift,Cypseloides cherriei
Chestnut-collared Swift,Streptoprocne rutila
White-collared Swift,Streptoprocne zonaris
White-naped Swift,Streptoprocne semicollaris
Gray-rumped Swift,Chaetura cinereiventris
Band-rumped Swift,Chaetura spinicaudus
Costa Rican Swift,Chaetura fumosa
Lesser Antillean Swift,Chaetura martinica
Chimney Swift,Chaetura pelagica
Vaux's Swift,Chaetura vauxi
Chapman's Swift,Chaetura chapmani
Sick's Swift,Chaetura meridionalis
Short-tailed Swift,Chaetura brachyura
White-throated Needletail,Hirundapus caudacutus
Mariana Swiftlet,Aerodramus bartschi
Common Swift,Apus apus
Fork-tailed Swift,Apus pacificus
Alpine Swift,Apus melba
White-throated Swift,Aeronautes saxatalis
Lesser Swallow-tailed Swift,Panyptila cayennensis
Great Swallow-tailed Swift,Panyptila sanctihieronymi
Antillean Palm-Swift,Tachornis phoenicobia
White-necked Jacobin,Florisuga mellivora
White-tipped Sicklebill,Eutoxeres aquila
Bronzy Hermit,Glaucis aeneus
Rufous-breasted Hermit,Glaucis hirsutus
Band-tailed Barbthroat,Threnetes ruckeri
Green Hermit,Phaethornis guy
Mexican Hermit,Phaethornis mexicanus
Long-billed Hermit,Phaethornis longirostris
Pale-bellied Hermit,Phaethornis anthophilus
Stripe-throated Hermit,Phaethornis striigularis
Green-fronted Lancebill,Doryfera ludovicae
Brown Violetear,Colibri delphinae
Mexican Violetear,Colibri thalassinus
Lesser Violetear,Colibri cyanotus
Tooth-billed Hummingbird,Androdon aequatorialis
Purple-crowned Fairy,Heliothryx barroti
Ruby-topaz Hummingbird,Chrysolampis mosquitus
Green-breasted Mango,Anthracothorax prevostii
Black-throated Mango,Anthracothorax nigricollis
Veraguan Mango,Anthracothorax veraguensis
Hispaniolan Mango,Anthracothorax dominicus
Puerto Rican Mango,Anthracothorax aurulentus
Green Mango,Anthracothorax viridis
Jamaican Mango,Anthracothorax mango
Purple-throated Carib,Eulampis jugularis
Green-throated Carib,Eulampis holosericeus
Green Thorntail,Discosura conversii
Short-crested Coquette,Lophornis brachylophus
Rufous-crested Coquette,Lophornis delattrei
Black-crested Coquette,Lophornis helenae
White-crested Coquette,Lophornis adorabilis
Greenish Puffleg,Haplophaedia aureliae
Green-crowned Brilliant,Heliodoxa jacula
Rivoli's Hummingbird,Eugenes fulgens
Talamanca Hummingbird,Eugenes spectabilis
Fiery-throated Hummingbird,Panterpe insignis
Long-billed Starthroat,Heliomaster longirostris
Plain-capped Starthroat,Heliomaster constantii
Green-throated Mountain-gem,Lampornis viridipallens
Green-breasted Mountain-gem,Lampornis sybillae
Amethyst-throated Mountain-gem,Lampornis amethystinus
Blue-throated Mountain-gem,Lampornis clemenciae
White-bellied Mountain-gem,Lampornis hemileucus
Purple-throated Mountain-gem,Lampornis calolaemus
White-throated Mountain-gem,Lampornis castaneoventris
Garnet-throated Hummingbird,Lamprolaima rhami
Magenta-throated Woodstar,Philodice bryantae
Purple-throated Woodstar,Philodice mitchellii
Slender Sheartail,Doricha enicura
Mexican Sheartail,Doricha eliza
Sparkling-tailed Hummingbird,Tilmatura dupontii
Lucifer Hummingbird,Calothorax lucifer
Beautiful Hummingbird,Calothorax pulcher
Ruby-throated Hummingbird,Archilochus colubris
Black-chinned Hummingbird,Archilochus alexandri
Vervain Hummingbird,Mellisuga minima
Bee Hummingbird,Mellisuga helenae
Bahama Woodstar,Nesophlox evelynae
Inagua Woodstar,Nesophlox lyrura
Anna's Hummingbird,Calypte anna
Costa's Hummingbird,Calypte costae
Calliope Hummingbird,Selasphorus calliope
Rufous Hummingbird,Selasphorus rufus
Allen's Hummingbird,Selasphorus sasin
Broad-tailed Hummingbird,Selasphorus platycercus
Bumblebee Hummingbird,Selasphorus heloisa
Wine-throated Hummingbird,Selasphorus ellioti
Volcano Hummingbird,Selasphorus flammula
Scintillant Hummingbird,Selasphorus scintilla
Glow-throated Hummingbird,Selasphorus ardens
Dusky Hummingbird,Phaeoptila sordida
Cuban Emerald,Riccordia ricordii
Brace's Emerald,Riccordia bracei
Hispaniolan Emerald,Riccordia swainsonii
Puerto Rican Emerald,Riccordia maugaeus
Blue-headed Hummingbird,Riccordia bicolor
Broad-billed Hummingbird,Cynanthus latirostris
Tres Marias Hummingbird,Cynanthus lawrencei
Turquoise-crowned Hummingbird,Cynanthus doubledayi
Golden-crowned Emerald,Cynanthus auriceps
Cozumel Emerald,Cynanthus forficatus
Canivet's Emerald,Cynanthus canivetii
Garden Emerald,Chlorostilbon assimilis
White-eared Hummingbird,Basilinna leucotis
Xantus's Hummingbird,Basilinna xantusii
Wedge-tailed Sabrewing,Pampa curvipennis
Rufous Sabrewing,Pampa rufa
Emerald-chinned Hummingbird,Abeillia abeillei
Violet-headed Hummingbird,Klais guimeti
Antillean Crested Hummingbird,Orthorhyncus cristatus
Violet Sabrewing,Campylopterus hemileucurus
Bronze-tailed Plumeleteer,Chalybura urochrysia
White-vented Plumeleteer,Chalybura buffonii
Crowned Woodnymph,Thalurania colombica
Snowcap,Microchera albocoronata
Coppery-headed Emerald,Microchera cupreiceps
White-tailed Emerald,Microchera chionura
Violet-capped Hummingbird,Goldmania violiceps
Pirre Hummingbird,Goldmania bella
Mexican Woodnymph,Eupherusa ridgwayi
White-tailed Hummingbird,Eupherusa poliocerca
Blue-capped Hummingbird,Eupherusa cyanophrys
Stripe-tailed Hummingbird,Eupherusa eximia
Black-bellied Hummingbird,Eupherusa nigriventris
Scaly-breasted Hummingbird,Phaeochroa cuvierii
Red-billed Streamertail,Trochilus polytmus
Black-billed Streamertail,Trochilus scitulus
Violet-crowned Hummingbird,Ramosomyia violiceps
Green-fronted Hummingbird,Ramosomyia viridifrons
Azure-crowned Hummingbird,Saucerottia cyanocephala
Blue-vented Hummingbird,Saucerottia hoffmanni
Berylline Hummingbird,Saucerottia beryllina
Blue-tailed Hummingbird,Saucerottia cyanura
Snowy-bellied Hummingbird,Saucerottia edward
Cinnamon Hummingbird,Amazilia rutila
Buff-bellied Hummingbird,Amazilia yucatanensis
Rufous-tailed Hummingbird,Amazilia tzacatl
Honduran Emerald,Amazilia luciae
Mangrove Hummingbird,Amazilia boucardi
Amazilia Hummingbird,Amazilis amazilia
Sapphire-throated Hummingbird,Chrysuronia coeruleogularis
Humboldt's Sapphire,Chrysuronia humboldtii
Blue-chested Hummingbird,Polyerata amabilis
Charming Hummingbird,Polyerata decora
White-bellied Emerald,Chlorestes candida
Blue-throated Goldentail,Chlorestes eliciae
Violet-bellied Hummingbird,Chlorestes julie
Spotted Rail,Pardirallus maculatus
Zapata Rail,Mustelirallus cerverai
Colombian Crake,Mustelirallus colombianus
Paint-billed Crake,Mustelirallus erythrops
Uniform Crake,Amaurolimnas concolor
Rufous-necked Wood-Rail,Aramides axillaris
Russet-naped Wood-Rail,Aramides albiventris
Gray-cowled Wood-Rail,Aramides cajaneus
Ridgway's Rail,Rallus obsoletus
Aztec Rail,Rallus tenuirostris
Mangrove Rail,Rallus longirostris
King Rail,Rallus elegans
Clapper Rail,Rallus crepitans
Virginia Rail,Rallus limicola
Western Water-Rail,Rallus aquaticus
Corn Crake,Crex crex
Sora,Porzana carolina
Spotted Crake,Porzana porzana
Common Gallinule,Gallinula galeata
Common Moorhen,Gallinula chloropus
Eurasian Coot,Fulica atra
Hawaiian Coot,Fulica alai
American Coot,Fulica americana
Purple Gallinule,Porphyrio martinicus
Azure Gallinule,Porphyrio flavirostris
Purple Swamphen,Porphyrio porphyrio
Ocellated Crake,Rufirallus schomburgkii
Yellow Rail,Coturnicops noveboracensis
Yellow-breasted Crake,Hapalocrex flaviventer
Ruddy Crake,Laterallus ruber
White-throated Crake,Laterallus albigularis
Gray-breasted Crake,Laterallus exilis
Black Rail,Laterallus jamaicensis
Laysan Rail,Zapornia palmeri
Hawaiian Rail,Zapornia sandwichensis
Sungrebe,Heliornis fulica
Limpkin,Aramus guarauna
Sandhill Crane,Antigone canadensis
Common Crane,Grus grus
Hooded Crane,Grus monacha
Whooping Crane,Grus americana
Double-striped Thick-knee,Burhinus bistriatus
Black-winged Stilt,Himantopus himantopus
Black-necked Stilt,Himantopus mexicanus
American Avocet,Recurvirostra americana
Eurasian Oystercatcher,Haematopus ostralegus
American Oystercatcher,Haematopus palliatus
Black Oystercatcher,Haematopus bachmani
Northern Lapwing,Vanellus vanellus
Southern Lapwing,Vanellus chilensis
Black-bellied Plover,Pluvialis squatarola
European Golden-Plover,Pluvialis apricaria
American Golden-Plover,Pluvialis dominica
Pacific Golden-Plover,Pluvialis fulva
Eurasian Dotterel,Charadrius morinellus
Killdeer,Charadrius vociferus
Common Ringed Plover,Charadrius hiaticula
Semipalmated Plover,Charadrius semipalmatus
Piping Plover,Charadrius melodus
Little Ringed Plover,Charadrius dubius
Lesser Sand-Plover,Charadrius mongolus
Greater Sand-Plover,Charadrius leschenaultii
Oriental Plover,Charadrius veredus
Wilson's Plover,Charadrius wilsonia
Collared Plover,Charadrius collaris
Mountain Plover,Charadrius montanus
Snowy Plover,Charadrius nivosus
Northern Jacana,Jacana spinosa
Wattled Jacana,Jacana jacana
Upland Sandpiper,Bartramia longicauda
Bristle-thighed Curlew,Numenius tahitiensis
Whimbrel,Numenius phaeopus
Little Curlew,Numenius minutus
Eskimo Curlew,Numenius borealis
Long-billed Curlew,Numenius americanus
Far Eastern Curlew,Numenius madagascariensis
Slender-billed Curlew,Numenius tenuirostris
Eurasian Curlew,Numenius arquata
Bar-tailed Godwit,Limosa lapponica
Black-tailed Godwit,Limosa limosa
Hudsonian Godwit,Limosa haemastica
Marbled Godwit,Limosa fedoa
Ruddy Turnstone,Arenaria interpres
Black Turnstone,Arenaria melanocephala
Great Knot,Calidris tenuirostris
Red Knot,Calidris canutus
Surfbird,Calidris virgata
Ruff,Calidris pugnax
Broad-billed Sandpiper,Calidris falcinellus
Sharp-tailed Sandpiper,Calidris acuminata
Stilt Sandpiper,Calidris himantopus
Curlew Sandpiper,Calidris ferruginea
Temminck's Stint,Calidris temminckii
Long-toed Stint,Calidris subminuta
Spoon-billed Sandpiper,Calidris pygmea
Red-necked Stint,Calidris ruficollis
Sanderling,Calidris alba
Dunlin,Calidris alpina
Rock Sandpiper,Calidris ptilocnemis
Purple Sandpiper,Calidris maritima
Baird's Sandpiper,Calidris bairdii
Little Stint,Calidris minuta
Least Sandpiper,Calidris minutilla
White-rumped Sandpiper,Calidris fuscicollis
Buff-breasted Sandpiper,Calidris subruficollis
Pectoral Sandpiper,Calidris melanotos
Semipalmated Sandpiper,Calidris pusilla
Western Sandpiper,Calidris mauri
Short-billed Dowitcher,Limnodromus griseus
Long-billed Dowitcher,Limnodromus scolopaceus
Jack Snipe,Lymnocryptes minimus
Eurasian Woodcock,Scolopax rusticola
American Woodcock,Scolopax minor
Solitary Snipe,Gallinago solitaria
Pin-tailed Snipe,Gallinago stenura
Common Snipe,Gallinago gallinago
Wilson's Snipe,Gallinago delicata
Terek Sandpiper,Xenus cinereus
Common Sandpiper,Actitis hypoleucos
Spotted Sandpiper,Actitis macularius
Green Sandpiper,Tringa ochropus
Solitary Sandpiper,Tringa solitaria
Gray-tailed Tattler,Tringa brevipes
Wandering Tattler,Tringa incana
Lesser Yellowlegs,Tringa flavipes
Willet,Tringa semipalmata
Spotted Redshank,Tringa erythropus
Common Greenshank,Tringa nebularia
Greater Yellowlegs,Tringa melanoleuca
Common Redshank,Tringa totanus
Wood Sandpiper,Tringa glareola
Marsh Sandpiper,Tringa stagnatilis
Wilson's Phalarope,Phalaropus tricolor
Red-necked Phalarope,Phalaropus lobatus
Red Phalarope,Phalaropus fulicarius
Collared Pratincole,Glareola pratincola
Oriental Pratincole,Glareola maldivarum
Great Skua,Stercorarius skua
South Polar Skua,Stercorarius maccormicki
Pomarine Jaeger,Stercorarius pomarinus
Parasitic Jaeger,Stercorarius parasiticus
Long-tailed Jaeger,Stercorarius longicaudus
Dovekie,Alle alle
Common Murre,Uria aalge
Thick-billed Murre,Uria lomvia
Razorbill,Alca torda
Great Auk,Pinguinus impennis
Black Guillemot,Cepphus grylle
Pigeon Guillemot,Cepphus columba
Long-billed Murrelet,Brachyramphus perdix
Marbled Murrelet,Brachyramphus marmoratus
Kittlitz's Murrelet,Brachyramphus brevirostris
Scripps's Murrelet,Synthliboramphus scrippsi
Guadalupe Murrelet,Synthliboramphus hypoleucus
Craveri's Murrelet,Synthliboramphus craveri
Ancient Murrelet,Synthliboramphus antiquus
Cassin's Auklet,Ptychoramphus aleuticus
Parakeet Auklet,Aethia psittacula
Least Auklet,Aethia pusilla
Whiskered Auklet,Aethia pygmaea
Crested Auklet,Aethia cristatella
Rhinoceros Auklet,Cerorhinca monocerata
Atlantic Puffin,Fratercula arctica
Horned Puffin,Fratercula corniculata
Tufted Puffin,Fratercula cirrhata
Swallow-tailed Gull,Creagrus furcatus
Black-legged Kittiwake,Rissa tridactyla
Red-legged Kittiwake,Rissa brevirostris
Ivory Gull,Pagophila eburnea
Sabine's Gull,Xema sabini
Bonaparte's Gull,Chroicocephalus philadelphia
Gray-hooded Gull,Chroicocephalus cirrocephalus
Black-headed Gull,Chroicocephalus ridibundus
Little Gull,Hydrocoloeus minutus
Ross's Gull,Rhodostethia rosea
Gray Gull,Leucophaeus modestus
Laughing Gull,Leucophaeus atricilla
Franklin's Gull,Leucophaeus pipixcan
Pallas's Gull,Ichthyaetus ichthyaetus
Belcher's Gull,Larus belcheri
Black-tailed Gull,Larus crassirostris
Heermann's Gull,Larus heermanni
Common Gull,Larus canus
Short-billed Gull,Larus brachyrhynchus
Ring-billed Gull,Larus delawarensis
Western Gull,Larus occidentalis
Yellow-footed Gull,Larus livens
California Gull,Larus californicus
Herring Gull,Larus argentatus
Yellow-legged Gull,Larus michahellis
Iceland Gull,Larus glaucoides
Lesser Black-backed Gull,Larus fuscus
Slaty-backed Gull,Larus schistisagus
Glaucous-winged Gull,Larus glaucescens
Glaucous Gull,Larus hyperboreus
Great Black-backed Gull,Larus marinus
Kelp Gull,Larus dominicanus
Brown Noddy,Anous stolidus
Black Noddy,Anous minutus
Blue-gray Noddy,Anous ceruleus
White Tern,Gygis alba
Sooty Tern,Onychoprion fuscatus
Gray-backed Tern,Onychoprion lunatus
Bridled Tern,Onychoprion anaethetus
Aleutian Tern,Onychoprion aleuticus
Little Tern,Sternula albifrons
Least Tern,Sternula antillarum
Yellow-billed Tern,Sternula superciliaris
Large-billed Tern,Phaetusa simplex
Gull-billed Tern,Gelochelidon nilotica
Caspian Tern,Hydroprogne caspia
Inca Tern,Larosterna inca
Black Tern,Chlidonias niger
White-winged Tern,Chlidonias leucopterus
Whiskered Tern,Chlidonias hybrida
Roseate Tern,Sterna dougallii
Common Tern,Sterna hirundo
Arctic Tern,Sterna paradisaea
Forster's Tern,Sterna forsteri
Royal Tern,Thalasseus maximus
Great Crested Tern,Thalasseus bergii
Sandwich Tern,Thalasseus sandvicensis
Elegant Tern,Thalasseus elegans
Black Skimmer,Rynchops niger
Sunbittern,Eurypyga helias
White-tailed Tropicbird,Phaethon lepturus
Red-billed Tropicbird,Phaethon aethereus
Red-tailed Tropicbird,Phaethon rubricauda
Red-throated Loon,Gavia stellata
Arctic Loon,Gavia arctica
Pacific Loon,Gavia pacifica
Common Loon,Gavia immer
Yellow-billed Loon,Gavia adamsii
Yellow-nosed Albatross,Thalassarche chlororhynchos
White-capped Albatross,Thalassarche cauta
Chatham Albatross,Thalassarche eremita
Salvin's Albatross,Thalassarche salvini
Black-browed Albatross,Thalassarche melanophris
Light-mantled Albatross,Phoebetria palpebrata
Wandering Albatross,Diomedea exulans
Laysan Albatross,Phoebastria immutabilis
Black-footed Albatross,Phoebastria nigripes
Waved Albatross,Phoebastria irrorata
Short-tailed Albatross,Phoebastria albatrus
Wilson's Storm-Petrel,Oceanites oceanicus
White-faced Storm-Petrel,Pelagodroma marina
Black-bellied Storm-Petrel,Fregetta tropica
European Storm-Petrel,Hydrobates pelagicus
Fork-tailed Storm-Petrel,Hydrobates furcatus
Ringed Storm-Petrel,Hydrobates hornbyi
Swinhoe's Storm-Petrel,Hydrobates monorhis
Leach's Storm-Petrel,Hydrobates leucorhous
Townsend's Storm-Petrel,Hydrobates socorroensis
Ainley's Storm-Petrel,Hydrobates cheimomnestes
Ashy Storm-Petrel,Hydrobates homochroa
Band-rumped Storm-Petrel,Hydrobates castro
Wedge-rumped Storm-Petrel,Hydrobates tethys
Black Storm-Petrel,Hydrobates melania
Guadalupe Storm-Petrel,Hydrobates macrodactylus
Markham's Storm-Petrel,Hydrobates markhami
Tristram's Storm-Petrel,Hydrobates tristrami
Least Storm-Petrel,Hydrobates microsoma
Northern Giant-Petrel,Macronectes halli
Northern Fulmar,Fulmarus glacialis
Gray-faced Petrel,Pterodroma gouldi
Providence Petrel,Pterodroma solandri
Kermadec Petrel,Pterodroma neglecta
Trindade Petrel,Pterodroma arminjoniana
Herald Petrel,Pterodroma heraldica
Murphy's Petrel,Pterodroma ultima
Mottled Petrel,Pterodroma inexpectata
Bermuda Petrel,Pterodroma cahow
Black-capped Petrel,Pterodroma hasitata
Juan Fernandez Petrel,Pterodroma externa
Galapagos Petrel,Pterodroma phaeopygia
Hawaiian Petrel,Pterodroma sandwichensis
White-necked Petrel,Pterodroma cervicalis
Bonin Petrel,Pterodroma hypoleuca
Black-winged Petrel,Pterodroma nigripennis
Fea's Petrel,Pterodroma feae
Zino's Petrel,Pterodroma madeira
Cook's Petrel,Pterodroma cookii
Stejneger's Petrel,Pterodroma longirostris
Tahiti Petrel,Pseudobulweria rostrata
Bulwer's Petrel,Bulweria bulwerii
Jouanin's Petrel,Bulweria fallax
White-chinned Petrel,Procellaria aequinoctialis
Parkinson's Petrel,Procellaria parkinsoni
Streaked Shearwater,Calonectris leucomelas
Cory's Shearwater,Calonectris diomedea
Cape Verde Shearwater,Calonectris edwardsii
Wedge-tailed Shearwater,Ardenna pacifica
Buller's Shearwater,Ardenna bulleri
Short-tailed Shearwater,Ardenna tenuirostris
Sooty Shearwater,Ardenna grisea
Great Shearwater,Ardenna gravis
Pink-footed Shearwater,Ardenna creatopus
Flesh-footed Shearwater,Ardenna carneipes
Christmas Shearwater,Puffinus nativitatis
Galapagos Shearwater,Puffinus subalaris
Manx Shearwater,Puffinus puffinus
Townsend's Shearwater,Puffinus auricularis
Newell's Shearwater,Puffinus newelli
Bryan's Shearwater,Puffinus bryani
Black-vented Shearwater,Puffinus opisthomelas
Audubon's Shearwater,Puffinus lherminieri
Barolo Shearwater,Puffinus baroli
Maguari Stork,Ciconia maguari
Jabiru,Jabiru mycteria
Wood Stork,Mycteria americana
Lesser Frigatebird,Fregata ariel
Magnificent Frigatebird,Fregata magnificens
Great Frigatebird,Fregata minor
Masked Booby,Sula dactylatra
Nazca Booby,Sula granti
Blue-footed Booby,Sula nebouxii
Peruvian Booby,Sula variegata
Brown Booby,Sula leucogaster
Red-footed Booby,Sula sula
Northern Gannet,Morus bassanus
Anhinga,Anhinga anhinga
Brandt's Cormorant,Urile penicillatus
Red-faced Cormorant,Urile urile
Pelagic Cormorant,Urile pelagicus
Great Cormorant,Phalacrocorax carbo
Double-crested Cormorant,Nannopterum auritum
Neotropic Cormorant,Nannopterum brasilianum
American White Pelican,Pelecanus erythrorhynchos
Brown Pelican,Pelecanus occidentalis
Pinnated Bittern,Botaurus pinnatus
American Bittern,Botaurus lentiginosus
Yellow Bittern,Ixobrychus sinensis
Least Bittern,Ixobrychus exilis
Little Bittern,Ixobrychus minutus
Rufescent Tiger-Heron,Tigrisoma lineatum
Fasciated Tiger-Heron,Tigrisoma fasciatum
Bare-throated Tiger-Heron,Tigrisoma mexicanum
Great Blue Heron,Ardea herodias
Gray Heron,Ardea cinerea
Cocoi Heron,Ardea cocoi
Purple Heron,Ardea purpurea
Great Egret,Ardea alba
Intermediate Egret,Ardea intermedia
Whistling Heron,Syrigma sibilatrix
Chinese Egret,Egretta eulophotes
Little Egret,Egretta garzetta
Western Reef-Heron,Egretta gularis
Snowy Egret,Egretta thula
Little Blue Heron,Egretta caerulea
Tricolored Heron,Egretta tricolor
Reddish Egret,Egretta rufescens
Cattle Egret,Bubulcus ibis
Chinese Pond-Heron,Ardeola bacchus
Green Heron,Butorides virescens
Striated Heron,Butorides striata
Agami Heron,Agamia agami
Capped Heron,Pilherodius pileatus
Black-crowned Night-Heron,Nycticorax nycticorax
Yellow-crowned Night-Heron,Nyctanassa violacea
Boat-billed Heron,Cochlearius cochlearius
White Ibis,Eudocimus albus
Scarlet Ibis,Eudocimus ruber
Glossy Ibis,Plegadis falcinellus
White-faced Ibis,Plegadis chihi
Green Ibis,Mesembrinibis cayennensis
Buff-necked Ibis,Theristicus caudatus
Eurasian Spoonbill,Platalea leucorodia
Roseate Spoonbill,Platalea ajaja
California Condor,Gymnogyps californianus
King Vulture,Sarcoramphus papa
Black Vulture,Coragyps atratus
Turkey Vulture,Cathartes aura
Lesser Yellow-headed Vulture,Cathartes burrovianus
Osprey,Pandion haliaetus
Pearl Kite,Gampsonyx swainsonii
White-tailed Kite,Elanus leucurus
Hook-billed Kite,Chondrohierax uncinatus
Cuban Kite,Chondrohierax wilsonii
Gray-headed Kite,Leptodon cayanensis
Swallow-tailed Kite,Elanoides forficatus
Crested Eagle,Morphnus guianensis
Harpy Eagle,Harpia harpyja
Golden Eagle,Aquila chrysaetos
Black Hawk-Eagle,Spizaetus tyrannus
Black-and-white Hawk-Eagle,Spizaetus melanoleucus
Ornate Hawk-Eagle,Spizaetus ornatus
Double-toothed Kite,Harpagus bidentatus
Tiny Hawk,Microspizias superciliosus
Northern Harrier,Circus hudsonius
Long-winged Harrier,Circus buffoni
Western Marsh Harrier,Circus aeruginosus
Gray-bellied Hawk,Accipiter poliogaster
Chinese Sparrowhawk,Accipiter soloensis
Sharp-shinned Hawk,Accipiter striatus
Cooper's Hawk,Accipiter cooperii
Gundlach's Hawk,Accipiter gundlachi
Bicolored Hawk,Accipiter bicolor
Eurasian Goshawk,Accipiter gentilis
American Goshawk,Accipiter atricapillus
Black Kite,Milvus migrans
Bald Eagle,Haliaeetus leucocephalus
White-tailed Eagle,Haliaeetus albicilla
Steller's Sea-Eagle,Haliaeetus pelagicus
Mississippi Kite,Ictinia mississippiensis
Plumbeous Kite,Ictinia plumbea
Black-collared Hawk,Busarellus nigricollis
Crane Hawk,Geranospiza caerulescens
Snail Kite,Rostrhamus sociabilis
Slender-billed Kite,Helicolestes hamatus
Plumbeous Hawk,Cryptoleucopteryx plumbea
Common Black Hawk,Buteogallus anthracinus
Cuban Black Hawk,Buteogallus gundlachii
Savanna Hawk,Buteogallus meridionalis
Great Black Hawk,Buteogallus urubitinga
Solitary Eagle,Buteogallus solitarius
Barred Hawk,Morphnarchus princeps
Roadside Hawk,Rupornis magnirostris
Harris's Hawk,Parabuteo unicinctus
White-tailed Hawk,Geranoaetus albicaudatus
White Hawk,Pseudastur albicollis
Semiplumbeous Hawk,Leucopternis semiplumbeus
Gray Hawk,Buteo plagiatus
Gray-lined Hawk,Buteo nitidus
Red-shouldered Hawk,Buteo lineatus
Ridgway's Hawk,Buteo ridgwayi
Broad-winged Hawk,Buteo platypterus
Hawaiian Hawk,Buteo solitarius
Short-tailed Hawk,Buteo brachyurus
Swainson's Hawk,Buteo swainsoni
Zone-tailed Hawk,Buteo albonotatus
Red-tailed Hawk,Buteo jamaicensis
Rough-legged Hawk,Buteo lagopus
Ferruginous Hawk,Buteo regalis
Long-legged Buzzard,Buteo rufinus
Barn Owl,Tyto alba
Ashy-faced Owl,Tyto glaucops
Oriental Scops-Owl,Otus sunia
Flammulated Owl,Psiloscops flammeolus
Puerto Rican Owl,Gymnasio nudipes
Whiskered Screech-Owl,Megascops trichopsis
Bare-shanked Screech-Owl,Megascops clarkii
Tropical Screech-Owl,Megascops choliba
Bearded Screech-Owl,Megascops barbarus
Pacific Screech-Owl,Megascops cooperi
Western Screech-Owl,Megascops kennicottii
Eastern Screech-Owl,Megascops asio
Balsas Screech-Owl,Megascops seductus
Middle American Screech-Owl,Megascops guatemalae
Choco Screech-Owl,Megascops centralis
Bare-legged Owl,Margarobyas lawrencii
Crested Owl,Lophostrix cristata
Spectacled Owl,Pulsatrix perspicillata
Great Horned Owl,Bubo virginianus
Snowy Owl,Bubo scandiacus
Northern Hawk Owl,Surnia ulula
Northern Pygmy-Owl,Glaucidium gnoma
Costa Rican Pygmy-Owl,Glaucidium costaricanum
Central American Pygmy-Owl,Glaucidium griseiceps
Tamaulipas Pygmy-Owl,Glaucidium sanchezi
Colima Pygmy-Owl,Glaucidium palmarum
Ferruginous Pygmy-Owl,Glaucidium brasilianum
Cuban Pygmy-Owl,Glaucidium siju
Elf Owl,Micrathene whitneyi
Burrowing Owl,Athene cunicularia
Spotted Owl,Strix occidentalis
Barred Owl,Strix varia
Cinereous Owl,Strix sartorii
Fulvous Owl,Strix fulvescens
Mottled Owl,Strix virgata
Black-and-white Owl,Strix nigrolineata
Great Gray Owl,Strix nebulosa
Long-eared Owl,Asio otus
Stygian Owl,Asio stygius
Short-eared Owl,Asio flammeus
Striped Owl,Asio clamator
Jamaican Owl,Asio grammicus
Boreal Owl,Aegolius funereus
Northern Saw-whet Owl,Aegolius acadicus
Unspotted Saw-whet Owl,Aegolius ridgwayi
Northern Boobook,Ninox japonica
Cuban Trogon,Priotelus temnurus
Hispaniolan Trogon,Priotelus roseigaster
Lattice-tailed Trogon,Trogon clathratus
Slaty-tailed Trogon,Trogon massena
Black-tailed Trogon,Trogon melanurus
Black-headed Trogon,Trogon melanocephalus
Citreoline Trogon,Trogon citreolus
White-tailed Trogon,Trogon chionurus
Baird's Trogon,Trogon bairdii
Gartered Trogon,Trogon caligatus
Black-throated Trogon,Trogon rufus
Elegant Trogon,Trogon elegans
Mountain Trogon,Trogon mexicanus
Collared Trogon,Trogon collaris
Eared Quetzal,Euptilotis neoxenus
Golden-headed Quetzal,Pharomachrus auriceps
Resplendent Quetzal,Pharomachrus mocinno
Eurasian Hoopoe,Upupa epops
Cuban Tody,Todus multicolor
Broad-billed Tody,Todus subulatus
Narrow-billed Tody,Todus angustirostris
Jamaican Tody,Todus todus
Puerto Rican Tody,Todus mexicanus
Tody Motmot,Hylomanes momotula
Blue-throated Motmot,Aspatha gularis
Russet-crowned Motmot,Momotus mexicanus
Blue-capped Motmot,Momotus coeruliceps
Lesson's Motmot,Momotus lessonii
Whooping Motmot,Momotus subrufescens
Rufous Motmot,Baryphthengus martii
Keel-billed Motmot,Electron carinatum
Broad-billed Motmot,Electron platyrhynchum
Turquoise-browed Motmot,Eumomota superciliosa
Ringed Kingfisher,Megaceryle torquata
Belted Kingfisher,Megaceryle alcyon
Amazon Kingfisher,Chloroceryle amazona
American Pygmy Kingfisher,Chloroceryle aenea
Green Kingfisher,Chloroceryle americana
Green-and-rufous Kingfisher,Chloroceryle inda
Barred Puffbird,Nystalus radiatus
White-necked Puffbird,Notharchus hyperrhynchus
Black-breasted Puffbird,Notharchus pectoralis
Pied Puffbird,Notharchus tectus
White-whiskered Puffbird,Malacoptila panamensis
Lanceolated Monklet,Micromonacha lanceolata
Gray-cheeked Nunlet,Nonnula frontalis
White-fronted Nunbird,Monasa morphoeus
Dusky-backed Jacamar,Brachygalba salmoni
Rufous-tailed Jacamar,Galbula ruficauda
Great Jacamar,Jacamerops aureus
Spot-crowned Barbet,Capito maculicoronatus
Red-headed Barbet,Eubucco bourcierii
Prong-billed Barbet,Semnornis frantzii
Northern Emerald-Toucanet,Aulacorhynchus prasinus
Collared Aracari,Pteroglossus torquatus
Fiery-billed Aracari,Pteroglossus frantzii
Yellow-eared Toucanet,Selenidera spectabilis
Keel-billed Toucan,Ramphastos sulfuratus
Yellow-throated Toucan,Ramphastos ambiguus
Eurasian Wryneck,Jynx torquilla
Olivaceous Piculet,Picumnus olivaceus
Antillean Piculet,Nesoctites micromegas
Lewis's Woodpecker,Melanerpes lewis
Guadeloupe Woodpecker,Melanerpes herminieri
Puerto Rican Woodpecker,Melanerpes portoricensis
Red-headed Woodpecker,Melanerpes erythrocephalus
Acorn Woodpecker,Melanerpes formicivorus
Golden-naped Woodpecker,Melanerpes chrysauchen
Black-cheeked Woodpecker,Melanerpes pucherani
Hispaniolan Woodpecker,Melanerpes striatus
Jamaican Woodpecker,Melanerpes radiolatus
Golden-cheeked Woodpecker,Melanerpes chrysogenys
Gray-breasted Woodpecker,Melanerpes hypopolius
Yucatan Woodpecker,Melanerpes pygmaeus
Red-crowned Woodpecker,Melanerpes rubricapillus
Gila Woodpecker,Melanerpes uropygialis
Hoffmann's Woodpecker,Melanerpes hoffmannii
Golden-fronted Woodpecker,Melanerpes aurifrons
Red-bellied Woodpecker,Melanerpes carolinus
West Indian Woodpecker,Melanerpes superciliaris
Williamson's Sapsucker,Sphyrapicus thyroideus
Yellow-bellied Sapsucker,Sphyrapicus varius
Red-naped Sapsucker,Sphyrapicus nuchalis
Red-breasted Sapsucker,Sphyrapicus ruber
Cuban Green Woodpecker,Xiphidiopicus percussus
American Three-toed Woodpecker,Picoides dorsalis
Black-backed Woodpecker,Picoides arcticus
Great Spotted Woodpecker,Dendrocopos major
Downy Woodpecker,Dryobates pubescens
Nuttall's Woodpecker,Dryobates nuttallii
Ladder-backed Woodpecker,Dryobates scalaris
Red-cockaded Woodpecker,Dryobates borealis
Hairy Woodpecker,Dryobates villosus
White-headed Woodpecker,Dryobates albolarvatus
Smoky-brown Woodpecker,Dryobates fumigatus
Arizona Woodpecker,Dryobates arizonae
Strickland's Woodpecker,Dryobates stricklandi
Red-rumped Woodpecker,Dryobates kirkii
Rufous-winged Woodpecker,Piculus simplex
Stripe-cheeked Woodpecker,Piculus callopterus
Golden-green Woodpecker,Piculus chrysochloros
Golden-olive Woodpecker,Colaptes rubiginosus
Gray-crowned Woodpecker,Colaptes auricularis
Spot-breasted Woodpecker,Colaptes punctigula
Northern Flicker,Colaptes auratus
Gilded Flicker,Colaptes chrysoides
Fernandina's Flicker,Colaptes fernandinae
Cinnamon Woodpecker,Celeus loricatus
Chestnut-colored Woodpecker,Celeus castaneus
Lineated Woodpecker,Dryocopus lineatus
Pileated Woodpecker,Dryocopus pileatus
Crimson-bellied Woodpecker,Campephilus haematogaster
Crimson-crested Woodpecker,Campephilus melanoleucos
Pale-billed Woodpecker,Campephilus guatemalensis
Ivory-billed Woodpecker,Campephilus principalis
Imperial Woodpecker,Campephilus imperialis
Laughing Falcon,Herpetotheres cachinnans
Barred Forest-Falcon,Micrastur ruficollis
Slaty-backed Forest-Falcon,Micrastur mirandollei
Collared Forest-Falcon,Micrastur semitorquatus
Red-throated Caracara,Ibycter americanus
Crested Caracara,Caracara plancus
Guadalupe Caracara,Caracara lutosa
Yellow-headed Caracara,Milvago chimachima
Eurasian Kestrel,Falco tinnunculus
American Kestrel,Falco sparverius
Red-footed Falcon,Falco vespertinus
Merlin,Falco columbarius
Eurasian Hobby,Falco subbuteo
Aplomado Falcon,Falco femoralis
Bat Falcon,Falco rufigularis
Orange-breasted Falcon,Falco deiroleucus
Gyrfalcon,Falco rusticolus
Peregrine Falcon,Falco peregrinus
Prairie Falcon,Falco mexicanus
Painted Parakeet,Pyrrhura picta
Sulphur-winged Parakeet,Pyrrhura hoffmanni
Monk Parakeet,Myiopsitta monachus
Carolina Parakeet,Conuropsis carolinensis
Olive-throated Parakeet,Eupsittula nana
Orange-fronted Parakeet,Eupsittula canicularis
Brown-throated Parakeet,Eupsittula pertinax
Nanday Parakeet,Aratinga nenday
Blue-and-yellow Macaw,Ara ararauna
Chestnut-fronted Macaw,Ara severus
Cuban Macaw,Ara tricolor
Scarlet Macaw,Ara macao
Red-and-green Macaw,Ara chloropterus
Military Macaw,Ara militaris
Great Green Macaw,Ara ambiguus
Green Parakeet,Psittacara holochlorus
Socorro Parakeet,Psittacara brevipes
Pacific Parakeet,Psittacara strenuus
Mitred Parakeet,Psittacara mitratus
Red-masked Parakeet,Psittacara erythrogenys
Crimson-fronted Parakeet,Psittacara finschi
Cuban Parakeet,Psittacara euops
Puerto Rican Parakeet,Psittacara maugei
Hispaniolan Parakeet,Psittacara chloropterus
Thick-billed Parrot,Rhynchopsitta pachyrhyncha
Maroon-fronted Parrot,Rhynchopsitta terrisi
Barred Parakeet,Bolborhynchus lineola
Mexican Parrotlet,Forpus cyanopygius
Green-rumped Parrotlet,Forpus passerinus
Spectacled Parrotlet,Forpus conspicillatus
Orange-chinned Parakeet,Brotogeris jugularis
White-winged Parakeet,Brotogeris versicolurus
Yellow-chevroned Parakeet,Brotogeris chiriri
Red-fronted Parrotlet,Touit costaricensis
Blue-fronted Parrotlet,Touit dilectissimus
Brown-hooded Parrot,Pyrilia haematotis
Saffron-headed Parrot,Pyrilia pyrilia
Blue-headed Parrot,Pionus menstruus
White-crowned Parrot,Pionus senilis
White-fronted Parrot,Amazona albifrons
Yellow-lored Parrot,Amazona xantholora
Cuban Parrot,Amazona leucocephala
Yellow-billed Parrot,Amazona collaria
Hispaniolan Parrot,Amazona ventralis
Puerto Rican Parrot,Amazona vittata
Black-billed Parrot,Amazona agilis
Red-crowned Parrot,Amazona viridigenalis
Lilac-crowned Parrot,Amazona finschi
Red-lored Parrot,Amazona autumnalis
Mealy Parrot,Amazona farinosa
Yellow-headed Parrot,Amazona oratrix
Yellow-naped Parrot,Amazona auropalliata
Yellow-crowned Parrot,Amazona ochrocephala
Red-necked Parrot,Amazona arausiaca
St. Lucia Parrot,Amazona versicolor
St. Vincent Parrot,Amazona guildingii
Imperial Parrot,Amazona imperialis
Rose-ringed Parakeet,Psittacula krameri
Rosy-faced Lovebird,Agapornis roseicollis
Sapayoa,Sapayoa aenigma
Lance-tailed Manakin,Chiroxiphia lanceolata
Long-tailed Manakin,Chiroxiphia linearis
White-ruffed Manakin,Corapipo altera
Green Manakin,Cryptopipo holochlora
Velvety Manakin,Lepidothrix velutina
White-collared Manakin,Manacus candei
Orange-collared Manakin,Manacus aurantiacus
Golden-collared Manakin,Manacus vitellinus
White-crowned Manakin,Pseudopipra pipra
Red-capped Manakin,Ceratopipra mentalis
Golden-headed Manakin,Ceratopipra erythrocephala
Purple-throated Fruitcrow,Querula purpurata
Bare-necked Umbrellabird,Cephalopterus glabricollis
Lovely Cotinga,Cotinga amabilis
Turquoise Cotinga,Cotinga ridgwayi
Blue Cotinga,Cotinga nattererii
Rufous Piha,Lipaugus unirufus
Three-wattled Bellbird,Procnias tricarunculatus
Black-tipped Cotinga,Carpodectes hopkei
Yellow-billed Cotinga,Carpodectes antoniae
Snowy Cotinga,Carpodectes nitidus
Northern Schiffornis,Schiffornis veraepacis
Russet-winged Schiffornis,Schiffornis stenorhyncha
Speckled Mourner,Laniocera rufescens
Masked Tityra,Tityra semifasciata
Black-crowned Tityra,Tityra inquisitor
Barred Becard,Pachyramphus versicolor
Cinereous Becard,Pachyramphus rufus
Cinnamon Becard,Pachyramphus cinnamomeus
White-winged Becard,Pachyramphus polychopterus
Black-and-white Becard,Pachyramphus albogriseus
Gray-collared Becard,Pachyramphus major
Rose-throated Becard,Pachyramphus aglaiae
One-colored Becard,Pachyramphus homochrous
Jamaican Becard,Pachyramphus niger
Sharpbill,Oxyruncus cristatus
Royal Flycatcher,Onychorhynchus coronatus
Ruddy-tailed Flycatcher,Terenotriccus erythrurus
Tawny-breasted Flycatcher,Myiobius villosus
Sulphur-rumped Flycatcher,Myiobius sulphureipygius
Black-tailed Flycatcher,Myiobius atricaudus
Gray-headed Piprites,Piprites griseiceps
Stub-tailed Spadebill,Platyrinchus cancrominus
White-throated Spadebill,Platyrinchus mystaceus
Golden-crowned Spadebill,Platyrinchus coronatus
Olive-striped Flycatcher,Mionectes olivaceus
Ochre-bellied Flycatcher,Mionectes oleagineus
Sepia-capped Flycatcher,Leptopogon amaurocephalus
Slaty-capped Flycatcher,Leptopogon superciliaris
Yellow-green Tyrannulet,Phylloscartes flavovirens
Rufous-browed Tyrannulet,Phylloscartes superciliaris
Bronze-olive Pygmy-Tyrant,Pseudotriccus pelzelni
Black-capped Pygmy-Tyrant,Myiornis atricapillus
Scale-crested Pygmy-Tyrant,Lophotriccus pileatus
Pale-eyed Pygmy-Tyrant,Lophotriccus pilaris
Northern Bentbill,Oncostoma cinereigulare
Southern Bentbill,Oncostoma olivaceum
Slate-headed Tody-Flycatcher,Poecilotriccus sylvia
Common Tody-Flycatcher,Todirostrum cinereum
Black-headed Tody-Flycatcher,Todirostrum nigriceps
Brownish Twistwing,Cnipodectes subbrunneus
Eye-ringed Flatbill,Rhynchocyclus brevirostris
Olivaceous Flatbill,Rhynchocyclus olivaceus
Yellow-olive Flycatcher,Tolmomyias sulphurescens
Yellow-margined Flycatcher,Tolmomyias assimilis
Yellow-breasted Flycatcher,Tolmomyias flaviventris
Yellow-bellied Tyrannulet,Ornithion semiflavum
Brown-capped Tyrannulet,Ornithion brunneicapillus
Northern Beardless-Tyrannulet,Camptostoma imberbe
Southern Beardless-Tyrannulet,Camptostoma obsoletum
Cocos Flycatcher,Nesotriccus ridgwayi
Mouse-colored Tyrannulet,Nesotriccus murinus
Yellow Tyrannulet,Capsiempis flaveola
Yellow-crowned Tyrannulet,Tyrannulus elatus
Forest Elaenia,Myiopagis gaimardii
Gray Elaenia,Myiopagis caniceps
Jamaican Elaenia,Myiopagis cotta
Greenish Elaenia,Myiopagis viridicata
Caribbean Elaenia,Elaenia martinica
Yellow-bellied Elaenia,Elaenia flavogaster
White-crested Elaenia,Elaenia albiceps
Small-billed Elaenia,Elaenia parvirostris
Lesser Elaenia,Elaenia chiriquensis
Mountain Elaenia,Elaenia frantzii
Greater Antillean Elaenia,Elaenia fallax
Torrent Tyrannulet,Serpophaga cinerea
Rough-legged Tyrannulet,Phyllomyias burmeisteri
Sooty-headed Tyrannulet,Phyllomyias griseiceps
Guatemalan Tyrannulet,Zimmerius vilissimus
Mistletoe Tyrannulet,Zimmerius parvus
Bright-rumped Attila,Attila spadiceus
Choco Sirystes,Sirystes albogriseus
Rufous Mourner,Rhytipterna holerythra
Yucatan Flycatcher,Myiarchus yucatanensis
Sad Flycatcher,Myiarchus barbirostris
Dusky-capped Flycatcher,Myiarchus tuberculifer
Panama Flycatcher,Myiarchus panamensis
Ash-throated Flycatcher,Myiarchus cinerascens
Nutting's Flycatcher,Myiarchus nuttingi
Great Crested Flycatcher,Myiarchus crinitus
Brown-crested Flycatcher,Myiarchus tyrannulus
Grenada Flycatcher,Myiarchus nugator
Rufous-tailed Flycatcher,Myiarchus validus
La Sagra's Flycatcher,Myiarchus sagrae
Stolid Flycatcher,Myiarchus stolidus
Puerto Rican Flycatcher,Myiarchus antillarum
Lesser Antillean Flycatcher,Myiarchus oberi
Flammulated Flycatcher,Ramphotrigon flammulatum
Lesser Kiskadee,Philohydor lictor
Great Kiskadee,Pitangus sulphuratus
Cattle Tyrant,Machetornis rixosa
Boat-billed Flycatcher,Megarynchus pitangua
Rusty-margined Flycatcher,Myiozetetes cayanensis
Social Flycatcher,Myiozetetes similis
Gray-capped Flycatcher,Myiozetetes granadensis
White-ringed Flycatcher,Conopias albovittatus
Golden-bellied Flycatcher,Myiodynastes hemichrysus
Streaked Flycatcher,Myiodynastes maculatus
Sulphur-bellied Flycatcher,Myiodynastes luteiventris
Piratic Flycatcher,Legatus leucophaius
Variegated Flycatcher,Empidonomus varius
Crowned Slaty Flycatcher,Empidonomus aurantioatrocristatus
Tropical Kingbird,Tyrannus melancholicus
Couch's Kingbird,Tyrannus couchii
Cassin's Kingbird,Tyrannus vociferans
Thick-billed Kingbird,Tyrannus crassirostris
Western Kingbird,Tyrannus verticalis
Eastern Kingbird,Tyrannus tyrannus
Gray Kingbird,Tyrannus dominicensis
Loggerhead Kingbird,Tyrannus caudifasciatus
Giant Kingbird,Tyrannus cubensis
Scissor-tailed Flycatcher,Tyrannus forficatus
Fork-tailed Flycatcher,Tyrannus savana
Bran-colored Flycatcher,Myiophobus fasciatus
Euler's Flycatcher,Lathrotriccus euleri
Tawny-chested Flycatcher,Aphanotriccus capitalis
Black-billed Flycatcher,Aphanotriccus audax
Belted Flycatcher,Xenotriccus callizonus
Pileated Flycatcher,Xenotriccus mexicanus
Tufted Flycatcher,Mitrephanes phaeocercus
Olive-sided Flycatcher,Contopus cooperi
Greater Pewee,Contopus pertinax
Dark Pewee,Contopus lugubris
Ochraceous Pewee,Contopus ochraceus
Western Wood-Pewee,Contopus sordidulus
Eastern Wood-Pewee,Contopus virens
Tropical Pewee,Contopus cinereus
Cuban Pewee,Contopus caribaeus
Jamaican Pewee,Contopus pallidus
Hispaniolan Pewee,Contopus hispaniolensis
Lesser Antillean Pewee,Contopus latirostris
Yellow-bellied Flycatcher,Empidonax flaviventris
Acadian Flycatcher,Empidonax virescens
Alder Flycatcher,Empidonax alnorum
Willow Flycatcher,Empidonax traillii
White-throated Flycatcher,Empidonax albigularis
Least Flycatcher,Empidonax minimus
Hammond's Flycatcher,Empidonax hammondii
Gray Flycatcher,Empidonax wrightii
Dusky Flycatcher,Empidonax oberholseri
Pine Flycatcher,Empidonax affinis
Western Flycatcher,Empidonax difficilis
Yellowish Flycatcher,Empidonax flavescens
Buff-breasted Flycatcher,Empidonax fulvifrons
Black-capped Flycatcher,Empidonax atriceps
Black Phoebe,Sayornis nigricans
Eastern Phoebe,Sayornis phoebe
Say's Phoebe,Sayornis saya
Vermilion Flycatcher,Pyrocephalus rubinus
Pied Water-Tyrant,Fluvicola pica
Northern Scrub-Flycatcher,Sublegatus arenarum
Long-tailed Tyrant,Colonia colonus
Black-crowned Antpitta,Pittasoma michleri
Fasciated Antshrike,Cymbilaimus lineatus
Great Antshrike,Taraba major
Barred Antshrike,Thamnophilus doliatus
Black Antshrike,Thamnophilus nigriceps
Black-hooded Antshrike,Thamnophilus bridgesi
Black-crowned Antshrike,Thamnophilus atrinucha
Spiny-faced Antshrike,Xenornis setifrons
Russet Antshrike,Thamnistes anabatinus
Plain Antvireo,Dysithamnus mentalis
Streak-crowned Antvireo,Dysithamnus striaticeps
Spot-crowned Antvireo,Dysithamnus puncticeps
Moustached Antwren,Myrmotherula ignota
Pacific Antwren,Myrmotherula pacifica
White-flanked Antwren,Myrmotherula axillaris
Slaty Antwren,Myrmotherula schisticolor
Checker-throated Stipplethroat,Epinecrophylla fulviventris
Rusty-winged Antwren,Herpsilochmus frater
Dot-winged Antwren,Microrhopias quixensis
White-fringed Antwren,Formicivora grisea
Rufous-rumped Antwren,Euchrepomis callinota
Dusky Antbird,Cercomacroides tyrannina
Jet Antbird,Cercomacra nigricans
Bare-crowned Antbird,Gymnocichla nudiceps
Zeledon's Antbird,Hafferia zeledoni
White-bellied Antbird,Myrmeciza longipes
Chestnut-backed Antbird,Poliocrania exsul
Dull-mantled Antbird,Sipia laemosticta
Spotted Antbird,Hylophylax naevioides
Wing-banded Antbird,Myrmornis torquata
Bicolored Antbird,Gymnopithys bicolor
Ocellated Antbird,Phaenostictus mcleannani
Ochre-breasted Antpitta,Grallaricula flavirostris
Thicket Antpitta,Myrmothera dives
Streak-chested Antpitta,Hylopezus perspicillatus
Scaled Antpitta,Grallaria guatimalensis
Tacarcuna Tapaculo,Scytalopus panamensis
Choco Tapaculo,Scytalopus chocoensis
Silvery-fronted Tapaculo,Scytalopus argentifrons
Mayan Antthrush,Formicarius moniliger
Black-faced Antthrush,Formicarius analis
Black-headed Antthrush,Formicarius nigricapillus
Rufous-breasted Antthrush,Formicarius rufipectus
Tawny-throated Leaftosser,Sclerurus mexicanus
Gray-throated Leaftosser,Sclerurus albigularis
Scaly-throated Leaftosser,Sclerurus guatemalensis
Olivaceous Woodcreeper,Sittasomus griseicapillus
Long-tailed Woodcreeper,Deconychura longicauda
Ruddy Woodcreeper,Dendrocincla homochroa
Tawny-winged Woodcreeper,Dendrocincla anabatina
Plain-brown Woodcreeper,Dendrocincla fuliginosa
Wedge-billed Woodcreeper,Glyphorynchus spirurus
Northern Barred-Woodcreeper,Dendrocolaptes sanctithomae
Black-banded Woodcreeper,Dendrocolaptes picumnus
Strong-billed Woodcreeper,Xiphocolaptes promeropirhynchus
Cocoa Woodcreeper,Xiphorhynchus susurrans
Ivory-billed Woodcreeper,Xiphorhynchus flavigaster
Black-striped Woodcreeper,Xiphorhynchus lachrymosus
Spotted Woodcreeper,Xiphorhynchus erythropygius
Straight-billed Woodcreeper,Dendroplex picus
Red-billed Scythebill,Campylorhamphus trochilirostris
Brown-billed Scythebill,Campylorhamphus pusillus
White-striped Woodcreeper,Lepidocolaptes leucogaster
Streak-headed Woodcreeper,Lepidocolaptes souleyetii
Spot-crowned Woodcreeper,Lepidocolaptes affinis
Plain Xenops,Xenops minutus
Streaked Xenops,Xenops rutilans
Buffy Tuftedcheek,Pseudocolaptes lawrencii
Sharp-tailed Streamcreeper,Lochmias nematura
Slaty-winged Foliage-gleaner,Philydor fuscipenne
Buff-fronted Foliage-gleaner,Dendroma rufa
Scaly-throated Foliage-gleaner,Anabacerthia variegaticeps
Lineated Foliage-gleaner,Syndactyla subalaris
Ruddy Foliage-gleaner,Clibanornis rubiginosus
Streak-breasted Treehunter,Thripadectes rufobrunneus
Buff-throated Foliage-gleaner,Automolus ochrolaemus
Chiriqui Foliage-gleaner,Automolus exsertus
Striped Woodhaunter,Automolus subulatus
Spotted Barbtail,Premnoplex brunnescens
Beautiful Treerunner,Margarornis bellulus
Ruddy Treerunner,Margarornis rubiginosus
Double-banded Graytail,Xenerpestes minlosi
Red-faced Spinetail,Cranioleuca erythrops
Coiba Spinetail,Cranioleuca dissita
Pale-breasted Spinetail,Synallaxis albescens
Slaty Spinetail,Synallaxis brachyura
Rufous-breasted Spinetail,Synallaxis erythrothorax
Rufous-browed Peppershrike,Cyclarhis gujanensis
Scrub Greenlet,Hylophilus flavipes
Chestnut-sided Shrike-Vireo,Vireolanius melitophrys
Green Shrike-Vireo,Vireolanius pulchellus
Yellow-browed Shrike-Vireo,Vireolanius eximius
Tawny-crowned Greenlet,Tunchiornis ochraceiceps
Lesser Greenlet,Pachysylvia decurtata
Golden-fronted Greenlet,Pachysylvia aurantiifrons
Golden Vireo,Vireo hypochryseus
Blue Mountain Vireo,Vireo osburni
Slaty Vireo,Vireo brevipennis
Black-capped Vireo,Vireo atricapilla
Dwarf Vireo,Vireo nelsoni
White-eyed Vireo,Vireo griseus
Thick-billed Vireo,Vireo crassirostris
Mangrove Vireo,Vireo pallens
Cozumel Vireo,Vireo bairdi
San Andres Vireo,Vireo caribaeus
Jamaican Vireo,Vireo modestus
Cuban Vireo,Vireo gundlachii
Puerto Rican Vireo,Vireo latimeri
Flat-billed Vireo,Vireo nanus
Bell's Vireo,Vireo bellii
Gray Vireo,Vireo vicinior
Hutton's Vireo,Vireo huttoni
Yellow-throated Vireo,Vireo flavifrons
Yellow-winged Vireo,Vireo carmioli
Cassin's Vireo,Vireo cassinii
Blue-headed Vireo,Vireo solitarius
Plumbeous Vireo,Vireo plumbeus
Philadelphia Vireo,Vireo philadelphicus
Warbling Vireo,Vireo gilvus
Brown-capped Vireo,Vireo leucophrys
Red-eyed Vireo,Vireo olivaceus
Yellow-green Vireo,Vireo flavoviridis
Black-whiskered Vireo,Vireo altiloquus
Yucatan Vireo,Vireo magister
Kauai Elepaio,Chasiempis sclateri
Oahu Elepaio,Chasiempis ibidis
Hawaii Elepaio,Chasiempis sandwichensis
Brown Shrike,Lanius cristatus
Red-backed Shrike,Lanius collurio
Loggerhead Shrike,Lanius ludovicianus
Northern Shrike,Lanius borealis
Canada Jay,Perisoreus canadensis
White-throated Jay,Cyanolyca mirabilis
Dwarf Jay,Cyanolyca nanus
Black-throated Jay,Cyanolyca pumilo
Silvery-throated Jay,Cyanolyca argentigula
Azure-hooded Jay,Cyanolyca cucullata
Black-throated Magpie-Jay,Calocitta colliei
White-throated Magpie-Jay,Calocitta formosa
Brown Jay,Psilorhinus morio
Tufted Jay,Cyanocorax dickeyi
Black-chested Jay,Cyanocorax affinis
Green Jay,Cyanocorax yncas
Bushy-crested Jay,Cyanocorax melanocyaneus
San Blas Jay,Cyanocorax sanblasianus
Yucatan Jay,Cyanocorax yucatanicus
Purplish-backed Jay,Cyanocorax beecheii
Pinyon Jay,Gymnorhinus cyanocephalus
Steller's Jay,Cyanocitta stelleri
Blue Jay,Cyanocitta cristata
Florida Scrub-Jay,Aphelocoma coerulescens
Island Scrub-Jay,Aphelocoma insularis
California Scrub-Jay,Aphelocoma californica
Woodhouse's Scrub-Jay,Aphelocoma woodhouseii
Transvolcanic Jay,Aphelocoma ultramarina
Mexican Jay,Aphelocoma wollweberi
Unicolored Jay,Aphelocoma unicolor
Clark's Nutcracker,Nucifraga columbiana
Black-billed Magpie,Pica hudsonia
Yellow-billed Magpie,Pica nuttalli
Eurasian Jackdaw,Corvus monedula
Rook,Corvus frugilegus
American Crow,Corvus brachyrhynchos
Cuban Palm-Crow,Corvus minutus
Hispaniolan Palm-Crow,Corvus palmarum
Cuban Crow,Corvus nasicus
White-necked Crow,Corvus leucognaphalus
Hooded Crow,Corvus cornix
Jamaican Crow,Corvus jamaicensis
Tamaulipas Crow,Corvus imparatus
Sinaloa Crow,Corvus sinaloae
Fish Crow,Corvus ossifragus
Hawaiian Crow,Corvus hawaiiensis
Chihuahuan Raven,Corvus cryptoleucus
Common Raven,Corvus corax
Verdin,Auriparus flaviceps
Carolina Chickadee,Poecile carolinensis
Black-capped Chickadee,Poecile atricapillus
Mountain Chickadee,Poecile gambeli
Mexican Chickadee,Poecile sclateri
Chestnut-backed Chickadee,Poecile rufescens
Boreal Chickadee,Poecile hudsonicus
Gray-headed Chickadee,Poecile cinctus
Bridled Titmouse,Baeolophus wollweberi
Oak Titmouse,Baeolophus inornatus
Juniper Titmouse,Baeolophus ridgwayi
Tufted Titmouse,Baeolophus bicolor
Black-crested Titmouse,Baeolophus atricristatus
Eurasian Skylark,Alauda arvensis
Horned Lark,Eremophila alpestris
Thick-billed Warbler,Arundinax aedon
Millerbird,Acrocephalus familiaris
Sedge Warbler,Acrocephalus schoenobaenus
Blyth's Reed Warbler,Acrocephalus dumetorum
Black-capped Donacobius,Donacobius atricapilla
Pallas's Grasshopper Warbler,Helopsaltes certhiola
Middendorff's Grasshopper Warbler,Helopsaltes ochotensis
Lanceolated Warbler,Locustella lanceolata
River Warbler,Locustella fluviatilis
Bank Swallow,Riparia riparia
Tree Swallow,Tachycineta bicolor
Bahama Swallow,Tachycineta cyaneoviridis
Violet-green Swallow,Tachycineta thalassina
Golden Swallow,Tachycineta euchrysea
Mangrove Swallow,Tachycineta albilinea
Black-capped Swallow,Atticora pileata
White-thighed Swallow,Atticora tibialis
Blue-and-white Swallow,Pygochelidon cyanoleuca
Northern Rough-winged Swallow,Stelgidopteryx serripennis
Southern Rough-winged Swallow,Stelgidopteryx ruficollis
Brown-chested Martin,Progne tapera
Purple Martin,Progne subis
Southern Martin,Progne elegans
Gray-breasted Martin,Progne chalybea
Sinaloa Martin,Progne sinaloae
Cuban Martin,Progne cryptoleuca
Caribbean Martin,Progne dominicensis
Barn Swallow,Hirundo rustica
Western House-Martin,Delichon urbicum
Siberian House-Martin,Delichon lagopodum
Cliff Swallow,Petrochelidon pyrrhonota
Cave Swallow,Petrochelidon fulva
Bushtit,Psaltriparus minimus
Japanese Bush-Warbler,Horornis diphone
Willow Warbler,Phylloscopus trochilus
Common Chiffchaff,Phylloscopus collybita
Wood Warbler,Phylloscopus sibilatrix
Dusky Warbler,Phylloscopus fuscatus
Pallas's Leaf Warbler,Phylloscopus proregulus
Yellow-browed Warbler,Phylloscopus inornatus
Arctic Warbler,Phylloscopus borealis
Kamchatka Leaf Warbler,Phylloscopus examinandus
Red-vented Bulbul,Pycnonotus cafer
Red-whiskered Bulbul,Pycnonotus jocosus
Eurasian Blackcap,Sylvia atricapilla
Lesser Whitethroat,Sylvia curruca
Wrentit,Chamaea fasciata
Warbling White-eye,Zosterops japonicus
Greater Necklaced Laughingthrush,Garrulax pectoralis
Hwamei,Garrulax canorus
Red-billed Leiothrix,Leiothrix lutea
Ruby-crowned Kinglet,Corthylio calendula
Golden-crowned Kinglet,Regulus satrapa
Palmchat,Dulus dominicus
Bohemian Waxwing,Bombycilla garrulus
Cedar Waxwing,Bombycilla cedrorum
Black-and-yellow Silky-flycatcher,Phainoptila melanoxantha
Gray Silky-flycatcher,Ptiliogonys cinereus
Long-tailed Silky-flycatcher,Ptiliogonys caudatus
Phainopepla,Phainopepla nitens
Kauai Oo,Moho braccatus
Oahu Oo,Moho apicalis
Bishop's Oo,Moho bishopi
Hawaii Oo,Moho nobilis
Kioea,Chaetoptila angustipluma
Red-breasted Nuthatch,Sitta canadensis
White-breasted Nuthatch,Sitta carolinensis
Pygmy Nuthatch,Sitta pygmaea
Brown-headed Nuthatch,Sitta pusilla
Bahama Nuthatch,Sitta insularis
Brown Creeper,Certhia americana
Long-billed Gnatwren,Ramphocaenus melanurus
Tawny-faced Gnatwren,Microbates cinereiventris
Slate-throated Gnatcatcher,Polioptila schistaceigula
Cuban Gnatcatcher,Polioptila lembeyei
Yucatan Gnatcatcher,Polioptila albiventris
White-browed Gnatcatcher,Polioptila bilineata
Blue-gray Gnatcatcher,Polioptila caerulea
Black-tailed Gnatcatcher,Polioptila melanura
California Gnatcatcher,Polioptila californica
Black-capped Gnatcatcher,Polioptila nigriceps
White-lored Gnatcatcher,Polioptila albiloris
Rock Wren,Salpinctes obsoletus
Nightingale Wren,Microcerculus philomela
Scaly-breasted Wren,Microcerculus marginatus
Canyon Wren,Catherpes mexicanus
Sumichrast's Wren,Hylorchilus sumichrasti
Nava's Wren,Hylorchilus navai
Sooty-headed Wren,Pheugopedius spadix
Black-throated Wren,Pheugopedius atrogularis
Rufous-breasted Wren,Pheugopedius rutilus
Spot-breasted Wren,Pheugopedius maculipectus
Happy Wren,Pheugopedius felix
Black-bellied Wren,Pheugopedius fasciatoventris
Stripe-throated Wren,Cantorchilus leucopogon
Stripe-breasted Wren,Cantorchilus thoracicus
Cabanis's Wren,Cantorchilus modestus
Canebrake Wren,Cantorchilus zeledoni
Isthmian Wren,Cantorchilus elutus
Bay Wren,Cantorchilus nigricapillus
Riverside Wren,Cantorchilus semibadius
Buff-breasted Wren,Cantorchilus leucotis
White-breasted Wood-Wren,Henicorhina leucosticta
Gray-breasted Wood-Wren,Henicorhina leucophrys
Song Wren,Cyphorhinus phaeocephalus
White-bellied Wren,Uropsila leucogastra
Rufous-and-white Wren,Thryophilus rufalbus
Sinaloa Wren,Thryophilus sinaloa
Banded Wren,Thryophilus pleurostictus
White-headed Wren,Campylorhynchus albobrunneus
Band-backed Wren,Campylorhynchus zonatus
Gray-barred Wren,Campylorhynchus megalopterus
Giant Wren,Campylorhynchus chiapensis
Bicolored Wren,Campylorhynchus griseus
Rufous-naped Wren,Campylorhynchus rufinucha
Spotted Wren,Campylorhynchus gularis
Boucard's Wren,Campylorhynchus jocosus
Yucatan Wren,Campylorhynchus yucatanicus
Cactus Wren,Campylorhynchus brunneicapillus
Bewick's Wren,Thryomanes bewickii
Carolina Wren,Thryothorus ludovicianus
House Wren,Troglodytes aedon
Socorro Wren,Troglodytes sissonii
Clarion Wren,Troglodytes tanneri
Rufous-browed Wren,Troglodytes rufociliatus
Ochraceous Wren,Troglodytes ochraceus
Pacific Wren,Troglodytes pacificus
Winter Wren,Troglodytes hiemalis
Zapata Wren,Ferminia cerverai
Sedge Wren,Cistothorus stellaris
Grass Wren,Cistothorus platensis
Marsh Wren,Cistothorus palustris
Timberline Wren,Thryorchilus browni
Blue Mockingbird,Melanotis caerulescens
Blue-and-white Mockingbird,Melanotis hypoleucus
Black Catbird,Melanoptila glabrirostris
Gray Catbird,Dumetella carolinensis
White-breasted Thrasher,Ramphocinclus brachyurus
Scaly-breasted Thrasher,Allenia fusca
Pearly-eyed Thrasher,Margarops fuscatus
Brown Trembler,Cinclocerthia ruficauda
Gray Trembler,Cinclocerthia gutturalis
Curve-billed Thrasher,Toxostoma curvirostre
Ocellated Thrasher,Toxostoma ocellatum
Brown Thrasher,Toxostoma rufum
Long-billed Thrasher,Toxostoma longirostre
Cozumel Thrasher,Toxostoma guttatum
Bendire's Thrasher,Toxostoma bendirei
Gray Thrasher,Toxostoma cinereum
California Thrasher,Toxostoma redivivum
LeConte's Thrasher,Toxostoma lecontei
Crissal Thrasher,Toxostoma crissale
Sage Thrasher,Oreoscoptes montanus
Bahama Mockingbird,Mimus gundlachii
Socorro Mockingbird,Mimus graysoni
Tropical Mockingbird,Mimus gilvus
Northern Mockingbird,Mimus polyglottos
European Starling,Sturnus vulgaris
Common Myna,Acridotheres tristis
American Dipper,Cinclus mexicanus
Eastern Bluebird,Sialia sialis
Western Bluebird,Sialia mexicana
Mountain Bluebird,Sialia currucoides
Townsend's Solitaire,Myadestes townsendi
Brown-backed Solitaire,Myadestes occidentalis
Cuban Solitaire,Myadestes elisabeth
Rufous-throated Solitaire,Myadestes genibarbis
Black-faced Solitaire,Myadestes melanops
Varied Solitaire,Myadestes coloratus
Slate-colored Solitaire,Myadestes unicolor
Kamao,Myadestes myadestinus
Amaui,Myadestes woahensis
Olomao,Myadestes lanaiensis
Omao,Myadestes obscurus
Puaiohi,Myadestes palmeri
White's Thrush,Zoothera aurea
Black-billed Nightingale-Thrush,Catharus gracilirostris
Orange-billed Nightingale-Thrush,Catharus aurantiirostris
Slaty-backed Nightingale-Thrush,Catharus fuscater
Russet Nightingale-Thrush,Catharus occidentalis
Ruddy-capped Nightingale-Thrush,Catharus frantzii
Black-headed Nightingale-Thrush,Catharus mexicanus
Yellow-throated Nightingale-Thrush,Catharus dryas
Veery,Catharus fuscescens
Gray-cheeked Thrush,Catharus minimus
Bicknell's Thrush,Catharus bicknelli
Swainson's Thrush,Catharus ustulatus
Hermit Thrush,Catharus guttatus
Wood Thrush,Hylocichla mustelina
Mistle Thrush,Turdus viscivorus
Eurasian Blackbird,Turdus merula
Eyebrowed Thrush,Turdus obscurus
Dusky Thrush,Turdus eunomus
Naumann's Thrush,Turdus naumanni
Fieldfare,Turdus pilaris
Redwing,Turdus iliacus
Song Thrush,Turdus philomelos
Sooty Thrush,Turdus nigrescens
Black Thrush,Turdus infuscatus
Mountain Thrush,Turdus plebejus
Cocoa Thrush,Turdus fumigatus
Pale-vented Thrush,Turdus obsoletus
Clay-colored Thrush,Turdus grayi
Spectacled Thrush,Turdus nudigenis
White-eyed Thrush,Turdus jamaicensis
White-throated Thrush,Turdus assimilis
Rufous-backed Robin,Turdus rufopalliatus
Rufous-collared Robin,Turdus rufitorques
American Robin,Turdus migratorius
La Selle Thrush,Turdus swalesi
White-chinned Thrush,Turdus aurantius
Grand Cayman Thrush,Turdus ravidus
Red-legged Thrush,Turdus plumbeus
Forest Thrush,Turdus lherminieri
Varied Thrush,Ixoreus naevius
Aztec Thrush,Ridgwayia pinicola
Gray-streaked Flycatcher,Muscicapa griseisticta
Asian Brown Flycatcher,Muscicapa dauurica
Spotted Flycatcher,Muscicapa striata
Dark-sided Flycatcher,Muscicapa sibirica
White-rumped Shama,Copsychus malabaricus
European Robin,Erithacus rubecula
Siberian Blue Robin,Larvivora cyane
Rufous-tailed Robin,Larvivora sibilans
Bluethroat,Cyanecula svecica
Siberian Rubythroat,Calliope calliope
Red-flanked Bluetail,Tarsiger cyanurus
Narcissus Flycatcher,Ficedula narcissina
Mugimaki Flycatcher,Ficedula mugimaki
Taiga Flycatcher,Ficedula albicilla
Common Redstart,Phoenicurus phoenicurus
Rufous-tailed Rock-thrush,Monticola saxatilis
Asian Stonechat,Saxicola maurus
Northern Wheatear,Oenanthe oenanthe
Pied Wheatear,Oenanthe pleschanka
Olive Warbler,Peucedramus taeniatus
Village Weaver,Ploceus cucullatus
Northern Red Bishop,Euplectes franciscanus
Yellow-crowned Bishop,Euplectes afer
Pin-tailed Whydah,Vidua macroura
Bronze Mannikin,Spermestes cucullata
African Silverbill,Euodice cantans
Indian Silverbill,Euodice malabarica
Java Sparrow,Padda oryzivora
Scaly-breasted Munia,Lonchura punctulata
Tricolored Munia,Lonchura malacca
Chestnut Munia,Lonchura atricapilla
Red Avadavat,Amandava amandava
Lavender Waxbill,Glaucestrilda caerulescens
Orange-cheeked Waxbill,Estrilda melpoda
Common Waxbill,Estrilda astrild
Black-rumped Waxbill,Estrilda troglodytes
Siberian Accentor,Prunella montanella
House Sparrow,Passer domesticus
Eurasian Tree Sparrow,Passer montanus
Eastern Yellow Wagtail,Motacilla tschutschensis
Citrine Wagtail,Motacilla citreola
Gray Wagtail,Motacilla cinerea
White Wagtail,Motacilla alba
Tree Pipit,Anthus trivialis
Olive-backed Pipit,Anthus hodgsoni
Pechora Pipit,Anthus gustavi
Red-throated Pipit,Anthus cervinus
American Pipit,Anthus rubescens
Meadow Pipit,Anthus pratensis
Sprague's Pipit,Anthus spragueii
Yellowish Pipit,Anthus chii
Common Chaffinch,Fringilla coelebs
Brambling,Fringilla montifringilla
Elegant Euphonia,Chlorophonia elegantissima
Hispaniolan Euphonia,Chlorophonia musica
Puerto Rican Euphonia,Chlorophonia sclateri
Lesser Antillean Euphonia,Chlorophonia flavifrons
Yellow-collared Chlorophonia,Chlorophonia flavirostris
Blue-crowned Chlorophonia,Chlorophonia occipitalis
Golden-browed Chlorophonia,Chlorophonia callophrys
Jamaican Euphonia,Euphonia jamaica
West Mexican Euphonia,Euphonia godmani
Scrub Euphonia,Euphonia affinis
Yellow-crowned Euphonia,Euphonia luteicapilla
White-vented Euphonia,Euphonia minuta
Yellow-throated Euphonia,Euphonia hirundinacea
Thick-billed Euphonia,Euphonia laniirostris
Spot-crowned Euphonia,Euphonia imitans
Olive-backed Euphonia,Euphonia gouldi
Fulvous-vented Euphonia,Euphonia fulvicrissa
Tawny-capped Euphonia,Euphonia anneae
Orange-bellied Euphonia,Euphonia xanthogaster
Hooded Grosbeak,Coccothraustes abeillei
Evening Grosbeak,Coccothraustes vespertinus
Hawfinch,Coccothraustes coccothraustes
Common Rosefinch,Carpodacus erythrinus
Pallas's Rosefinch,Carpodacus roseus
Poo-uli,Melamprosops phaeosoma
Akikiki,Oreomystis bairdi
Oahu Alauahio,Paroreomyza maculata
Kakawahie,Paroreomyza flammea
Maui Alauahio,Paroreomyza montana
Palila,Loxioides bailleui
Laysan Finch,Telespiza cantans
Nihoa Finch,Telespiza ultima
Kona Grosbeak,Chloridops kona
Lesser Koa-Finch,Rhodacanthis flaviceps
Greater Koa-Finch,Rhodacanthis palmeri
Ula-ai-hawane,Ciridops anna
Akohekohe,Palmeria dolei
Laysan Honeycreeper,Himatione fraithii
Apapane,Himatione sanguinea
Iiwi,Drepanis coccinea
Hawaii Mamo,Drepanis pacifica
Black Mamo,Drepanis funerea
Ou,Psittirostra psittacea
Lanai Hookbill,Dysmorodrepanis munroi
Maui Parrotbill,Pseudonestor xanthophrys
Kauai Nukupuu,Hemignathus hanapepe
Oahu Nukupuu,Hemignathus lucidus
Maui Nukupuu,Hemignathus affinis
Akiapolaau,Hemignathus wilsoni
Lesser Akialoa,Akialoa obscura
Kauai Akialoa,Akialoa stejnegeri
Oahu Akialoa,Akialoa ellisiana
Maui-nui Akialoa,Akialoa lanaiensis
Anianiau,Magumma parva
Hawaii Amakihi,Chlorodrepanis virens
Oahu Amakihi,Chlorodrepanis flava
Kauai Amakihi,Chlorodrepanis stejnegeri
Greater Amakihi,Viridonia sagittirostris
Hawaii Creeper,Loxops mana
Akekee,Loxops caeruleirostris
Oahu Akepa,Loxops wolstenholmei
Maui Akepa,Loxops ochraceus
Hawaii Akepa,Loxops coccineus
Pine Grosbeak,Pinicola enucleator
Eurasian Bullfinch,Pyrrhula pyrrhula
Asian Rosy-Finch,Leucosticte arctoa
Gray-crowned Rosy-Finch,Leucosticte tephrocotis
Black Rosy-Finch,Leucosticte atrata
Brown-capped Rosy-Finch,Leucosticte australis
House Finch,Haemorhous mexicanus
Purple Finch,Haemorhous purpureus
Cassin's Finch,Haemorhous cassinii
Oriental Greenfinch,Chloris sinica
Yellow-fronted Canary,Crithagra mozambica
Common Redpoll,Acanthis flammea
Lesser Redpoll,Acanthis cabaret
Hoary Redpoll,Acanthis hornemanni
Red Crossbill,Loxia curvirostra
Cassia Crossbill,Loxia sinesciuris
Hispaniolan Crossbill,Loxia megaplaga
White-winged Crossbill,Loxia leucoptera
European Goldfinch,Carduelis carduelis
Eurasian Siskin,Spinus spinus
Pine Siskin,Spinus pinus
Black-capped Siskin,Spinus atriceps
Black-headed Siskin,Spinus notatus
Yellow-bellied Siskin,Spinus xanthogastrus
Red Siskin,Spinus cucullatus
Antillean Siskin,Spinus dominicensis
Lesser Goldfinch,Spinus psaltria
Lawrence's Goldfinch,Spinus lawrencei
American Goldfinch,Spinus tristis
Island Canary,Serinus canaria
Rosy Thrush-Tanager,Rhodinocichla rosea
Lapland Longspur,Calcarius lapponicus
Chestnut-collared Longspur,Calcarius ornatus
Smith's Longspur,Calcarius pictus
Thick-billed Longspur,Rhynchophanes mccownii
Snow Bunting,Plectrophenax nivalis
McKay's Bunting,Plectrophenax hyperboreus
Pine Bunting,Emberiza leucocephalos
Yellow-browed Bunting,Emberiza chrysophrys
Little Bunting,Emberiza pusilla
Rustic Bunting,Emberiza rustica
Yellow-throated Bunting,Emberiza elegans
Yellow-breasted Bunting,Emberiza aureola
Gray Bunting,Emberiza variabilis
Pallas's Bunting,Emberiza pallasi
Reed Bunting,Emberiza schoeniclus
Yellow-throated Chlorospingus,Chlorospingus flavigularis
Ashy-throated Chlorospingus,Chlorospingus canigularis
Sooty-capped Chlorospingus,Chlorospingus pileatus
Common Chlorospingus,Chlorospingus flavopectus
Tacarcuna Chlorospingus,Chlorospingus tacarcunae
Pirre Chlorospingus,Chlorospingus inornatus
Rufous-winged Sparrow,Peucaea carpalis
Cinnamon-tailed Sparrow,Peucaea sumichrasti
Stripe-headed Sparrow,Peucaea ruficauda
Black-chested Sparrow,Peucaea humeralis
Bridled Sparrow,Peucaea mystacalis
Botteri's Sparrow,Peucaea botterii
Cassin's Sparrow,Peucaea cassinii
Bachman's Sparrow,Peucaea aestivalis
Grasshopper Sparrow,Ammodramus savannarum
Olive Sparrow,Arremonops rufivirgatus
Green-backed Sparrow,Arremonops chloronotus
Black-striped Sparrow,Arremonops conirostris
Five-striped Sparrow,Amphispizopsis quinquestriata
Black-throated Sparrow,Amphispiza bilineata
Lark Sparrow,Chondestes grammacus
Lark Bunting,Calamospiza melanocorys
Chipping Sparrow,Spizella passerina
Clay-colored Sparrow,Spizella pallida
Black-chinned Sparrow,Spizella atrogularis
Field Sparrow,Spizella pusilla
Brewer's Sparrow,Spizella breweri
Worthen's Sparrow,Spizella wortheni
Costa Rican Brushfinch,Arremon costaricensis
Black-headed Brushfinch,Arremon atricapillus
Orange-billed Sparrow,Arremon aurantiirostris
Green-striped Brushfinch,Arremon virenticeps
Chestnut-capped Brushfinch,Arremon brunneinucha
Sooty-faced Finch,Arremon crassirostris
Fox Sparrow,Passerella iliaca
American Tree Sparrow,Spizelloides arborea
Volcano Junco,Junco vulcani
Guadalupe Junco,Junco insularis
Dark-eyed Junco,Junco hyemalis
Yellow-eyed Junco,Junco phaeonotus
Baird's Junco,Junco bairdi
Rufous-collared Sparrow,Zonotrichia capensis
White-crowned Sparrow,Zonotrichia leucophrys
Golden-crowned Sparrow,Zonotrichia atricapilla
Harris's Sparrow,Zonotrichia querula
White-throated Sparrow,Zonotrichia albicollis
Bell's Sparrow,Artemisiospiza belli
Sagebrush Sparrow,Artemisiospiza nevadensis
Striped Sparrow,Oriturus superciliosus
Vesper Sparrow,Pooecetes gramineus
LeConte's Sparrow,Ammospiza leconteii
Seaside Sparrow,Ammospiza maritima
Nelson's Sparrow,Ammospiza nelsoni
Saltmarsh Sparrow,Ammospiza caudacuta
Baird's Sparrow,Centronyx bairdii
Henslow's Sparrow,Centronyx henslowii
Savannah Sparrow,Passerculus sandwichensis
Sierra Madre Sparrow,Xenospiza baileyi
Song Sparrow,Melospiza melodia
Lincoln's Sparrow,Melospiza lincolnii
Swamp Sparrow,Melospiza georgiana
Large-footed Finch,Pezopetes capitalis
Zapata Sparrow,Torreornis inexpectata
Rusty-crowned Ground-Sparrow,Melozone kieneri
Canyon Towhee,Melozone fusca
White-throated Towhee,Melozone albicollis
Abert's Towhee,Melozone aberti
California Towhee,Melozone crissalis
White-eared Ground-Sparrow,Melozone leucotis
White-faced Ground-Sparrow,Melozone biarcuata
Cabanis's Ground-Sparrow,Melozone cabanisi
Rusty Sparrow,Aimophila rufescens
Rufous-crowned Sparrow,Aimophila ruficeps
Oaxaca Sparrow,Aimophila notosticta
Green-tailed Towhee,Pipilo chlorurus
Spotted Towhee,Pipilo maculatus
Eastern Towhee,Pipilo erythrophthalmus
Collared Towhee,Pipilo ocai
Rufous-capped Brushfinch,Atlapetes pileatus
White-naped Brushfinch,Atlapetes albinucha
Yellow-thighed Brushfinch,Atlapetes tibialis
Yellow-green Brushfinch,Atlapetes luteoviridis
Western Chat-Tanager,Calyptophilus tertius
Eastern Chat-Tanager,Calyptophilus frugivorus
Wrenthrush,Zeledonia coronata
Black-crowned Palm-Tanager,Phaenicophilus palmarum
Gray-crowned Palm-Tanager,Phaenicophilus poliocephalus
White-winged Warbler,Xenoligea montana
Green-tailed Warbler,Microligea palustris
Puerto Rican Tanager,Nesospingus speculiferus
Western Spindalis,Spindalis zena
Jamaican Spindalis,Spindalis nigricephala
Hispaniolan Spindalis,Spindalis dominicensis
Puerto Rican Spindalis,Spindalis portoricensis
Yellow-headed Warbler,Teretistris fernandinae
Oriente Warbler,Teretistris fornsi
Yellow-breasted Chat,Icteria virens
Yellow-headed Blackbird,Xanthocephalus xanthocephalus
Bobolink,Dolichonyx oryzivorus
Chihuahuan Meadowlark,Sturnella lilianae
Eastern Meadowlark,Sturnella magna
Western Meadowlark,Sturnella neglecta
Red-breasted Meadowlark,Leistes militaris
Yellow-billed Cacique,Amblycercus holosericeus
Yellow-winged Cacique,Cassiculus melanicterus
Crested Oropendola,Psarocolius decumanus
Chestnut-headed Oropendola,Psarocolius wagleri
Montezuma Oropendola,Psarocolius montezuma
Black Oropendola,Psarocolius guatimozinus
Scarlet-rumped Cacique,Cacicus uropygialis
Yellow-rumped Cacique,Cacicus cela
Bahama Oriole,Icterus northropi
Cuban Oriole,Icterus melanopsis
Hispaniolan Oriole,Icterus dominicensis
Puerto Rican Oriole,Icterus portoricensis
St. Lucia Oriole,Icterus laudabilis
Montserrat Oriole,Icterus oberi
Martinique Oriole,Icterus bonana
Black-vented Oriole,Icterus wagleri
Bar-winged Oriole,Icterus maculialatus
Black-cowled Oriole,Icterus prosthemelas
Orchard Oriole,Icterus spurius
Hooded Oriole,Icterus cucullatus
Yellow-backed Oriole,Icterus chrysater
Orange-crowned Oriole,Icterus auricapillus
Yellow-tailed Oriole,Icterus mesomelas
Venezuelan Troupial,Icterus icterus
Streak-backed Oriole,Icterus pustulatus
Bullock's Oriole,Icterus bullockii
Orange Oriole,Icterus auratus
Jamaican Oriole,Icterus leucopteryx
Spot-breasted Oriole,Icterus pectoralis
Altamira Oriole,Icterus gularis
Audubon's Oriole,Icterus graduacauda
Baltimore Oriole,Icterus galbula
Black-backed Oriole,Icterus abeillei
Scott's Oriole,Icterus parisorum
Jamaican Blackbird,Nesopsar nigerrimus
Red-winged Blackbird,Agelaius phoeniceus
Red-shouldered Blackbird,Agelaius assimilis
Tricolored Blackbird,Agelaius tricolor
Tawny-shouldered Blackbird,Agelaius humeralis
Yellow-shouldered Blackbird,Agelaius xanthomus
Shiny Cowbird,Molothrus bonariensis
Bronzed Cowbird,Molothrus aeneus
Brown-headed Cowbird,Molothrus ater
Giant Cowbird,Molothrus oryzivorus
Melodious Blackbird,Dives dives
Cuban Blackbird,Ptiloxena atroviolacea
Rusty Blackbird,Euphagus carolinus
Brewer's Blackbird,Euphagus cyanocephalus
Common Grackle,Quiscalus quiscula
Boat-tailed Grackle,Quiscalus major
Great-tailed Grackle,Quiscalus mexicanus
Slender-billed Grackle,Quiscalus palustris
Nicaraguan Grackle,Quiscalus nicaraguensis
Greater Antillean Grackle,Quiscalus niger
Carib Grackle,Quiscalus lugubris
Yellow-hooded Blackbird,Chrysomus icterocephalus
Ovenbird,Seiurus aurocapilla
Worm-eating Warbler,Helmitheros vermivorum
Louisiana Waterthrush,Parkesia motacilla
Northern Waterthrush,Parkesia noveboracensis
Bachman's Warbler,Vermivora bachmanii
Golden-winged Warbler,Vermivora chrysoptera
Blue-winged Warbler,Vermivora cyanoptera
Black-and-white Warbler,Mniotilta varia
Prothonotary Warbler,Protonotaria citrea
Swainson's Warbler,Limnothlypis swainsonii
Crescent-chested Warbler,Oreothlypis superciliosa
Flame-throated Warbler,Oreothlypis gutturalis
Tennessee Warbler,Leiothlypis peregrina
Orange-crowned Warbler,Leiothlypis celata
Colima Warbler,Leiothlypis crissalis
Lucy's Warbler,Leiothlypis luciae
Nashville Warbler,Leiothlypis ruficapilla
Virginia's Warbler,Leiothlypis virginiae
Semper's Warbler,Leucopeza semperi
Connecticut Warbler,Oporornis agilis
Gray-crowned Yellowthroat,Geothlypis poliocephala
MacGillivray's Warbler,Geothlypis tolmiei
Mourning Warbler,Geothlypis philadelphia
Kentucky Warbler,Geothlypis formosa
Olive-crowned Yellowthroat,Geothlypis semiflava
Black-polled Yellowthroat,Geothlypis speciosa
Belding's Yellowthroat,Geothlypis beldingi
Bahama Yellowthroat,Geothlypis rostrata
Altamira Yellowthroat,Geothlypis flavovelata
Common Yellowthroat,Geothlypis trichas
Hooded Yellowthroat,Geothlypis nelsoni
Whistling Warbler,Catharopeza bishopi
Plumbeous Warbler,Setophaga plumbea
Elfin-woods Warbler,Setophaga angelae
Arrowhead Warbler,Setophaga pharetra
Hooded Warbler,Setophaga citrina
American Redstart,Setophaga ruticilla
Kirtland's Warbler,Setophaga kirtlandii
Cape May Warbler,Setophaga tigrina
Cerulean Warbler,Setophaga cerulea
Northern Parula,Setophaga americana
Tropical Parula,Setophaga pitiayumi
Magnolia Warbler,Setophaga magnolia
Bay-breasted Warbler,Setophaga castanea
Blackburnian Warbler,Setophaga fusca
Yellow Warbler,Setophaga petechia
Chestnut-sided Warbler,Setophaga pensylvanica
Blackpoll Warbler,Setophaga striata
Black-throated Blue Warbler,Setophaga caerulescens
Palm Warbler,Setophaga palmarum
Olive-capped Warbler,Setophaga pityophila
Pine Warbler,Setophaga pinus
Yellow-rumped Warbler,Setophaga coronata
Yellow-throated Warbler,Setophaga dominica
Bahama Warbler,Setophaga flavescens
Vitelline Warbler,Setophaga vitellina
Prairie Warbler,Setophaga discolor
Adelaide's Warbler,Setophaga adelaidae
Barbuda Warbler,Setophaga subita
St. Lucia Warbler,Setophaga delicata
Grace's Warbler,Setophaga graciae
Black-throated Gray Warbler,Setophaga nigrescens
Townsend's Warbler,Setophaga townsendi
Hermit Warbler,Setophaga occidentalis
Golden-cheeked Warbler,Setophaga chrysoparia
Black-throated Green Warbler,Setophaga virens
Buff-rumped Warbler,Myiothlypis fulvicauda
Fan-tailed Warbler,Basileuterus lachrymosus
Rufous-capped Warbler,Basileuterus rufifrons
Chestnut-capped Warbler,Basileuterus delattrii
Black-cheeked Warbler,Basileuterus melanogenys
Pirre Warbler,Basileuterus ignotus
Golden-browed Warbler,Basileuterus belli
Golden-crowned Warbler,Basileuterus culicivorus
Costa Rican Warbler,Basileuterus melanotis
Tacarcuna Warbler,Basileuterus tacarcunae
Canada Warbler,Cardellina canadensis
Wilson's Warbler,Cardellina pusilla
Red-faced Warbler,Cardellina rubrifrons
Red Warbler,Cardellina rubra
Pink-headed Warbler,Cardellina versicolor
Painted Redstart,Myioborus pictus
Slate-throated Redstart,Myioborus miniatus
Collared Redstart,Myioborus torquatus
Rose-throated Tanager,Piranga roseogularis
Hepatic Tanager,Piranga flava
Summer Tanager,Piranga rubra
Scarlet Tanager,Piranga olivacea
Western Tanager,Piranga ludoviciana
Flame-colored Tanager,Piranga bidentata
White-winged Tanager,Piranga leucoptera
Red-headed Tanager,Piranga erythrocephala
Red-crowned Ant-Tanager,Habia rubica
Red-throated Ant-Tanager,Habia fuscicauda
Black-cheeked Ant-Tanager,Habia atrimaxillaris
Carmiol's Tanager,Chlorothraupis carmioli
Lemon-spectacled Tanager,Chlorothraupis olivacea
Crimson-collared Grosbeak,Periporphyrus celaeno
Black-faced Grosbeak,Caryothraustes poliogaster
Yellow-green Grosbeak,Caryothraustes canadensis
Northern Cardinal,Cardinalis cardinalis
Pyrrhuloxia,Cardinalis sinuatus
Yellow Grosbeak,Pheucticus chrysopeplus
Black-thighed Grosbeak,Pheucticus tibialis
Rose-breasted Grosbeak,Pheucticus ludovicianus
Black-headed Grosbeak,Pheucticus melanocephalus
Red-breasted Chat,Granatellus venustus
Gray-throated Chat,Granatellus sallaei
Blue Seedeater,Amaurospiza concolor
Blue-black Grosbeak,Cyanoloxia cyanoides
Blue Bunting,Cyanocompsa parellina
Blue Grosbeak,Passerina caerulea
Lazuli Bunting,Passerina amoena
Indigo Bunting,Passerina cyanea
Rose-bellied Bunting,Passerina rositae
Orange-breasted Bunting,Passerina leclancherii
Varied Bunting,Passerina versicolor
Painted Bunting,Passerina ciris
Dickcissel,Spiza americana
Dusky-faced Tanager,Mitrospingus cassinii
Blue-and-gold Tanager,Bangsia arcaei
Red-crested Cardinal,Paroaria coronata
Yellow-billed Cardinal,Paroaria capitata
Speckled Tanager,Ixothraupis guttata
Gray-and-gold Tanager,Poecilostreptus palmeri
Azure-rumped Tanager,Poecilostreptus cabanisi
Blue-gray Tanager,Thraupis episcopus
Yellow-winged Tanager,Thraupis abbas
Palm Tanager,Thraupis palmarum
Golden-hooded Tanager,Stilpnia larvata
Lesser Antillean Tanager,Stilpnia cucullata
Green-naped Tanager,Tangara fucosa
Spangle-cheeked Tanager,Tangara dowii
Plain-colored Tanager,Tangara inornata
Rufous-winged Tanager,Tangara lavinia
Bay-headed Tanager,Tangara gyrola
Emerald Tanager,Tangara florida
Silver-throated Tanager,Tangara icterocephala
White-eared Conebill,Conirostrum leucogenys
Saffron Finch,Sicalis flaveola
Grassland Yellow-Finch,Sicalis luteola
Slaty Finch,Haplospiza rustica
Peg-billed Finch,Acanthidops bairdi
Cinnamon-bellied Flowerpiercer,Diglossa baritula
Slaty Flowerpiercer,Diglossa plumbea
Green Honeycreeper,Chlorophanes spiza
Black-and-yellow Tanager,Chrysothlypis chrysomelas
Sulphur-rumped Tanager,Heterospingus rubrifrons
Scarlet-browed Tanager,Heterospingus xanthopygius
Yellow-backed Tanager,Hemithraupis flavicollis
Blue-black Grassquit,Volatinia jacarina
Gray-headed Tanager,Eucometis penicillata
White-shouldered Tanager,Loriotus luctuosus
Tawny-crested Tanager,Tachyphonus delatrii
White-lined Tanager,Tachyphonus rufus
Black-throated Shrike-Tanager,Lanio aurantius
White-throated Shrike-Tanager,Lanio leucothorax
Crimson-collared Tanager,Ramphocelus sanguinolentus
Flame-rumped Tanager,Ramphocelus flammigerus
Scarlet-rumped Tanager,Ramphocelus passerinii
Crimson-backed Tanager,Ramphocelus dimidiatus
Swallow Tanager,Tersina viridis
Shining Honeycreeper,Cyanerpes lucidus
Purple Honeycreeper,Cyanerpes caeruleus
Red-legged Honeycreeper,Cyanerpes cyaneus
Scarlet-thighed Dacnis,Dacnis venusta
Blue Dacnis,Dacnis cayana
Viridian Dacnis,Dacnis viguieri
Bananaquit,Coereba flaveola
Yellow-faced Grassquit,Tiaris olivaceus
Orangequit,Euneornis campestris
Puerto Rican Bullfinch,Melopyrrha portoricensis
St. Kitts Bullfinch,Melopyrrha grandis
Cuban Bullfinch,Melopyrrha nigra
Grand Cayman Bullfinch,Melopyrrha taylori
Greater Antillean Bullfinch,Melopyrrha violacea
Yellow-shouldered Grassquit,Loxipasser anoxanthus
Cuban Grassquit,Phonipara canora
Lesser Antillean Bullfinch,Loxigilla noctis
Barbados Bullfinch,Loxigilla barbadensis
Black-faced Grassquit,Melanospiza bicolor
St. Lucia Black Finch,Melanospiza richardsoni
Cocos Finch,Pinaroloxias inornata
Lesson's Seedeater,Sporophila bouvronides
Lined Seedeater,Sporophila lineola
Thick-billed Seed-Finch,Sporophila funerea
Large-billed Seed-Finch,Sporophila crassirostris
Nicaraguan Seed-Finch,Sporophila nuttingi
Variable Seedeater,Sporophila corvina
Slate-colored Seedeater,Sporophila schistacea
Cinnamon-rumped Seedeater,Sporophila torqueola
Morelet's Seedeater,Sporophila morelleti
Yellow-bellied Seedeater,Sporophila nigricollis
Ruddy-breasted Seedeater,Sporophila minuta
Wedge-tailed Grass-Finch,Emberizoides herbicola
Black-headed Saltator,Saltator atriceps
Buff-throated Saltator,Saltator maximus
Slate-colored Grosbeak,Saltator grossus
Lesser Antillean Saltator,Saltator albicollis
Cinnamon-bellied Saltator,Saltator grandis
Streaked Saltator,Saltator striatipectus
Unknown,Unknown
